LogBlueprintUserMessages: [BP_LatencyLogger_C_1] LATENCY_LOG,Move,0.017,0.033,0.017
LogBlueprintUserMessages: [BP_LatencyLogger_C_1] LATENCY_LOG,Move,0.033,0.06,0.026
LogBlueprintUserMessages: [BP_LatencyLogger_C_1] LATENCY_LOG,Move,0.06,0.079,0.02
LogBlueprintUserMessages: [BP_LatencyLogger_C_1] LATENCY_LOG,Move,0.079,0.1,0.021
LogBlueprintUserMessages: [BP_LatencyLogger_C_1] LATENCY_LOG,Move,0.1,0.121,0.02
LogBlueprintUserMessages: [BP_LatencyLogger_C_1] LATENCY_LOG,Move,0.121,0.145,0.024
LogBlueprintUserMessages: [BP_LatencyLogger_C_1] LATENCY_LOG,Move,0.145,0.166,0.021
LogBlueprintUserMessages: [BP_LatencyLogger_C_1] LATENCY_LOG,Move,0.166,0.183,0.018
LogBlueprintUserMessages: [BP_LatencyLogger_C_1] LATENCY_LOG,Move,0.183,0.203,0.019
LogBlueprintUserMessages: [BP_LatencyLogger_C_1] LATENCY_LOG,Move,0.203,0.027,0.175
LogBlueprintUserMessages: [BP_LatencyLogger_C_1] LATENCY_LOG,Move,0.027,0.054,0.026
LogBlueprintUserMessages: [BP_LatencyLogger_C_1] LATENCY_LOG,Move,0.054,0.076,0.022
LogBlueprintUserMessages: [BP_LatencyLogger_C_1] LATENCY_LOG,Move,0.076,0.097,0.021
LogBlueprintUserMessages: [BP_LatencyLogger_C_1] LATENCY_LOG,Move,0.097,0.119,0.022
LogBlueprintUserMessages: [BP_LatencyLogger_C_1] LATENCY_LOG,Move,0.119,0.139,0.02
LogBlueprintUserMessages: [BP_LatencyLogger_C_1] LATENCY_LOG,Move,0.139,0.161,0.022
LogBlueprintUserMessages: [BP_LatencyLogger_C_1] LATENCY_LOG,Move,0.161,0.181,0.02
LogBlueprintUserMessages: [BP_LatencyLogger_C_1] LATENCY_LOG,Move,0.181,0.199,0.018
LogBlueprintUserMessages: [BP_LatencyLogger_C_1] LATENCY_LOG,Move,0.199,0.218,0.019
LogBlueprintUserMessages: [BP_LatencyLogger_C_1] LATENCY_LOG,Move,0.218,0.235,0.017
LogBlueprintUserMessages: [BP_LatencyLogger_C_1] LATENCY_LOG,Move,0.235,0.252,0.017
LogBlueprintUserMessages: [BP_LatencyLogger_C_1] LATENCY_LOG,Move,0.252,0.269,0.017
LogBlueprintUserMessages: [BP_LatencyLogger_C_1] LATENCY_LOG,Move,0.269,0.287,0.018
LogBlueprintUserMessages: [BP_LatencyLogger_C_1] LATENCY_LOG,Move,0.287,0.304,0.018
LogBlueprintUserMessages: [BP_LatencyLogger_C_1] LATENCY_LOG,Move,0.304,0.322,0.018
LogBlueprintUserMessages: [BP_LatencyLogger_C_1] LATENCY_LOG,Move,0.322,0.34,0.017
LogBlueprintUserMessages: [BP_LatencyLogger_C_1] LATENCY_LOG,Move,0.34,0.356,0.017
LogBlueprintUserMessages: [BP_LatencyLogger_C_1] LATENCY_LOG,Move,0.356,0.373,0.017
LogBlueprintUserMessages: [BP_LatencyLogger_C_1] LATENCY_LOG,Move,0.373,0.39,0.017
LogBlueprintUserMessages: [BP_LatencyLogger_C_1] LATENCY_LOG,Move,0.39,0.407,0.017
LogBlueprintUserMessages: [BP_LatencyLogger_C_1] LATENCY_LOG,Move,0.407,0.424,0.017
LogBlueprintUserMessages: [BP_LatencyLogger_C_1] LATENCY_LOG,Move,0.424,0.441,0.017
LogBlueprintUserMessages: [BP_LatencyLogger_C_1] LATENCY_LOG,Move,0.441,0.457,0.017
LogBlueprintUserMessages: [BP_LatencyLogger_C_1] LATENCY_LOG,Move,0.457,0.474,0.017
LogBlueprintUserMessages: [BP_LatencyLogger_C_1] LATENCY_LOG,Move,0.474,0.491,0.017
LogBlueprintUserMessages: [BP_LatencyLogger_C_1] LATENCY_LOG,Move,0.491,0.508,0.017
LogBlueprintUserMessages: [BP_LatencyLogger_C_1] LATENCY_LOG,Move,0.508,0.524,0.017
LogBlueprintUserMessages: [BP_LatencyLogger_C_1] LATENCY_LOG,Move,0.524,0.541,0.017
LogBlueprintUserMessages: [BP_LatencyLogger_C_1] LATENCY_LOG,Move,0.541,0.558,0.017
LogBlueprintUserMessages: [BP_LatencyLogger_C_1] LATENCY_LOG,Move,0.558,0.574,0.017
LogBlueprintUserMessages: [BP_LatencyLogger_C_1] LATENCY_LOG,Move,0.574,0.591,0.017
LogBlueprintUserMessages: [BP_LatencyLogger_C_1] LATENCY_LOG,Move,0.591,0.608,0.017
LogBlueprintUserMessages: [BP_LatencyLogger_C_1] LATENCY_LOG,Move,0.608,0.624,0.017
LogBlueprintUserMessages: [BP_LatencyLogger_C_1] LATENCY_LOG,Move,0.624,0.641,0.017
LogBlueprintUserMessages: [BP_LatencyLogger_C_1] LATENCY_LOG,Move,0.641,0.658,0.017
LogBlueprintUserMessages: [BP_LatencyLogger_C_1] LATENCY_LOG,Move,0.658,0.674,0.017
LogBlueprintUserMessages: [BP_LatencyLogger_C_1] LATENCY_LOG,Move,0.674,0.691,0.017
LogBlueprintUserMessages: [BP_LatencyLogger_C_1] LATENCY_LOG,Move,0.691,0.708,0.017
LogBlueprintUserMessages: [BP_LatencyLogger_C_1] LATENCY_LOG,Move,0.708,0.724,0.017
LogBlueprintUserMessages: [BP_LatencyLogger_C_1] LATENCY_LOG,Move,0.724,0.741,0.017
LogBlueprintUserMessages: [BP_LatencyLogger_C_1] LATENCY_LOG,Move,0.741,0.758,0.017
LogBlueprintUserMessages: [BP_LatencyLogger_C_1] LATENCY_LOG,Move,0.758,0.775,0.017
LogBlueprintUserMessages: [BP_LatencyLogger_C_1] LATENCY_LOG,Move,0.775,0.791,0.017
LogBlueprintUserMessages: [BP_LatencyLogger_C_1] LATENCY_LOG,Move,0.791,0.808,0.017
LogBlueprintUserMessages: [BP_LatencyLogger_C_1] LATENCY_LOG,Move,0.808,0.825,0.017
LogBlueprintUserMessages: [BP_LatencyLogger_C_1] LATENCY_LOG,Move,0.825,0.841,0.017
LogBlueprintUserMessages: [BP_LatencyLogger_C_1] LATENCY_LOG,Move,0.841,0.858,0.017
LogBlueprintUserMessages: [BP_LatencyLogger_C_1] LATENCY_LOG,Move,0.858,0.875,0.017
LogBlueprintUserMessages: [BP_LatencyLogger_C_1] LATENCY_LOG,Move,0.875,0.017,0.858
LogBlueprintUserMessages: [BP_LatencyLogger_C_1] LATENCY_LOG,Move,0.017,0.033,0.017
LogBlueprintUserMessages: [BP_LatencyLogger_C_1] LATENCY_LOG,Move,0.033,0.05,0.017
LogBlueprintUserMessages: [BP_LatencyLogger_C_1] LATENCY_LOG,Move,0.05,0.067,0.017
LogBlueprintUserMessages: [BP_LatencyLogger_C_1] LATENCY_LOG,Move,0.067,0.083,0.017
LogBlueprintUserMessages: [BP_LatencyLogger_C_1] LATENCY_LOG,Move,0.083,0.1,0.017
LogBlueprintUserMessages: [BP_LatencyLogger_C_1] LATENCY_LOG,Move,0.1,0.117,0.017
LogBlueprintUserMessages: [BP_LatencyLogger_C_1] LATENCY_LOG,Move,0.117,0.133,0.017
LogBlueprintUserMessages: [BP_LatencyLogger_C_1] LATENCY_LOG,Move,0.133,0.15,0.017
LogBlueprintUserMessages: [BP_LatencyLogger_C_1] LATENCY_LOG,Move,0.15,0.167,0.017
LogBlueprintUserMessages: [BP_LatencyLogger_C_1] LATENCY_LOG,Move,0.167,0.184,0.017
LogBlueprintUserMessages: [BP_LatencyLogger_C_1] LATENCY_LOG,Move,0.184,0.2,0.017
LogBlueprintUserMessages: [BP_LatencyLogger_C_1] LATENCY_LOG,Move,0.2,0.217,0.017
LogBlueprintUserMessages: [BP_LatencyLogger_C_1] LATENCY_LOG,Move,0.217,0.234,0.017
LogBlueprintUserMessages: [BP_LatencyLogger_C_1] LATENCY_LOG,Move,0.234,0.251,0.017
LogBlueprintUserMessages: [BP_LatencyLogger_C_1] LATENCY_LOG,Move,0.251,0.267,0.017
LogBlueprintUserMessages: [BP_LatencyLogger_C_1] LATENCY_LOG,Move,0.267,0.284,0.017
LogBlueprintUserMessages: [BP_LatencyLogger_C_1] LATENCY_LOG,Move,0.284,0.301,0.017
LogBlueprintUserMessages: [BP_LatencyLogger_C_1] LATENCY_LOG,Move,0.301,0.317,0.017
LogBlueprintUserMessages: [BP_LatencyLogger_C_1] LATENCY_LOG,Move,0.317,0.334,0.017
LogBlueprintUserMessages: [BP_LatencyLogger_C_1] LATENCY_LOG,Move,0.334,0.351,0.017
LogBlueprintUserMessages: [BP_LatencyLogger_C_1] LATENCY_LOG,Move,0.351,0.367,0.017
LogBlueprintUserMessages: [BP_LatencyLogger_C_1] LATENCY_LOG,Move,0.367,0.384,0.017
LogBlueprintUserMessages: [BP_LatencyLogger_C_1] LATENCY_LOG,Move,0.384,0.401,0.017
LogBlueprintUserMessages: [BP_LatencyLogger_C_1] LATENCY_LOG,Move,0.401,0.417,0.017
LogBlueprintUserMessages: [BP_LatencyLogger_C_1] LATENCY_LOG,Move,0.417,0.434,0.017
LogBlueprintUserMessages: [BP_LatencyLogger_C_1] LATENCY_LOG,Move,0.434,0.451,0.017
LogBlueprintUserMessages: [BP_LatencyLogger_C_1] LATENCY_LOG,Move,0.451,0.471,0.02
LogBlueprintUserMessages: [BP_LatencyLogger_C_1] LATENCY_LOG,Move,0.471,0.487,0.017
LogBlueprintUserMessages: [BP_LatencyLogger_C_1] LATENCY_LOG,Move,0.487,0.505,0.017
LogBlueprintUserMessages: [BP_LatencyLogger_C_1] LATENCY_LOG,Move,0.505,0.521,0.017
LogBlueprintUserMessages: [BP_LatencyLogger_C_1] LATENCY_LOG,Move,0.521,0.54,0.019
LogBlueprintUserMessages: [BP_LatencyLogger_C_1] LATENCY_LOG,Move,0.54,0.557,0.017
LogBlueprintUserMessages: [BP_LatencyLogger_C_1] LATENCY_LOG,Move,0.557,0.574,0.017
LogBlueprintUserMessages: [BP_LatencyLogger_C_1] LATENCY_LOG,Move,0.574,0.59,0.017
LogBlueprintUserMessages: [BP_LatencyLogger_C_1] LATENCY_LOG,Move,0.59,0.607,0.017
LogBlueprintUserMessages: [BP_LatencyLogger_C_1] LATENCY_LOG,Move,0.607,0.624,0.017
LogBlueprintUserMessages: [BP_LatencyLogger_C_1] LATENCY_LOG,Move,0.624,0.64,0.017
LogBlueprintUserMessages: [BP_LatencyLogger_C_1] LATENCY_LOG,Move,0.64,0.657,0.017
LogBlueprintUserMessages: [BP_LatencyLogger_C_1] LATENCY_LOG,Move,0.657,0.674,0.017
LogBlueprintUserMessages: [BP_LatencyLogger_C_1] LATENCY_LOG,Move,0.674,0.69,0.017
LogBlueprintUserMessages: [BP_LatencyLogger_C_1] LATENCY_LOG,Move,0.69,0.707,0.017
LogBlueprintUserMessages: [BP_LatencyLogger_C_1] LATENCY_LOG,Move,0.707,0.724,0.017
LogBlueprintUserMessages: [BP_LatencyLogger_C_1] LATENCY_LOG,Move,0.724,0.74,0.017
LogBlueprintUserMessages: [BP_LatencyLogger_C_1] LATENCY_LOG,Move,0.74,0.757,0.017
LogBlueprintUserMessages: [BP_LatencyLogger_C_1] LATENCY_LOG,Move,0.757,0.774,0.017
LogBlueprintUserMessages: [BP_LatencyLogger_C_1] LATENCY_LOG,Move,0.774,0.79,0.017
LogBlueprintUserMessages: [BP_LatencyLogger_C_1] LATENCY_LOG,Move,0.79,0.807,0.017
LogBlueprintUserMessages: [BP_LatencyLogger_C_1] LATENCY_LOG,Move,0.807,0.824,0.017
LogBlueprintUserMessages: [BP_LatencyLogger_C_1] LATENCY_LOG,Move,0.824,0.84,0.017
LogBlueprintUserMessages: [BP_LatencyLogger_C_1] LATENCY_LOG,Move,0.84,0.857,0.017
LogBlueprintUserMessages: [BP_LatencyLogger_C_1] LATENCY_LOG,Move,0.857,0.874,0.017
LogBlueprintUserMessages: [BP_LatencyLogger_C_1] LATENCY_LOG,Move,0.874,0.89,0.017
LogBlueprintUserMessages: [BP_LatencyLogger_C_1] LATENCY_LOG,Move,0.89,0.907,0.017
LogBlueprintUserMessages: [BP_LatencyLogger_C_1] LATENCY_LOG,Move,0.907,0.924,0.017
LogBlueprintUserMessages: [BP_LatencyLogger_C_1] LATENCY_LOG,Move,0.924,0.94,0.017
LogBlueprintUserMessages: [BP_LatencyLogger_C_1] LATENCY_LOG,Move,0.94,0.957,0.017
LogBlueprintUserMessages: [BP_LatencyLogger_C_1] LATENCY_LOG,Move,0.957,0.974,0.017
LogBlueprintUserMessages: [BP_LatencyLogger_C_1] LATENCY_LOG,Move,0.974,0.99,0.017
LogBlueprintUserMessages: [BP_LatencyLogger_C_1] LATENCY_LOG,Move,0.99,1.007,0.017
LogBlueprintUserMessages: [BP_LatencyLogger_C_1] LATENCY_LOG,Move,1.007,1.025,0.018
LogBlueprintUserMessages: [BP_LatencyLogger_C_1] LATENCY_LOG,Move,1.025,1.041,0.017
LogBlueprintUserMessages: [BP_LatencyLogger_C_1] LATENCY_LOG,Move,1.041,1.058,0.017
LogBlueprintUserMessages: [BP_LatencyLogger_C_1] LATENCY_LOG,Move,1.058,1.079,0.021
LogBlueprintUserMessages: [BP_LatencyLogger_C_1] LATENCY_LOG,Move,1.079,1.1,0.021
LogBlueprintUserMessages: [BP_LatencyLogger_C_1] LATENCY_LOG,Move,1.1,1.119,0.019
LogBlueprintUserMessages: [BP_LatencyLogger_C_1] LATENCY_LOG,Move,1.119,1.14,0.02
LogBlueprintUserMessages: [BP_LatencyLogger_C_1] LATENCY_LOG,Move,1.14,1.161,0.022
LogBlueprintUserMessages: [BP_LatencyLogger_C_1] LATENCY_LOG,Move,1.161,1.18,0.018
LogBlueprintUserMessages: [BP_LatencyLogger_C_1] LATENCY_LOG,Move,1.18,1.197,0.018
LogBlueprintUserMessages: [BP_LatencyLogger_C_1] LATENCY_LOG,Move,1.197,1.217,0.019
LogBlueprintUserMessages: [BP_LatencyLogger_C_1] LATENCY_LOG,Move,1.217,1.236,0.019
LogBlueprintUserMessages: [BP_LatencyLogger_C_1] LATENCY_LOG,Move,1.236,1.254,0.018
LogBlueprintUserMessages: [BP_LatencyLogger_C_1] LATENCY_LOG,Move,1.254,1.272,0.019
LogBlueprintUserMessages: [BP_LatencyLogger_C_1] LATENCY_LOG,Move,1.272,1.295,0.023
LogBlueprintUserMessages: [BP_LatencyLogger_C_1] LATENCY_LOG,Move,1.295,1.316,0.021
LogBlueprintUserMessages: [BP_LatencyLogger_C_1] LATENCY_LOG,Move,1.316,1.337,0.022
LogBlueprintUserMessages: [BP_LatencyLogger_C_1] LATENCY_LOG,Move,1.337,1.356,0.019
LogBlueprintUserMessages: [BP_LatencyLogger_C_1] LATENCY_LOG,Move,1.356,1.374,0.018
LogBlueprintUserMessages: [BP_LatencyLogger_C_1] LATENCY_LOG,Move,1.374,1.393,0.019
LogBlueprintUserMessages: [BP_LatencyLogger_C_1] LATENCY_LOG,Move,1.393,1.415,0.022
LogBlueprintUserMessages: [BP_LatencyLogger_C_1] LATENCY_LOG,Move,1.415,1.434,0.018
LogBlueprintUserMessages: [BP_LatencyLogger_C_1] LATENCY_LOG,Move,1.434,1.45,0.017
LogBlueprintUserMessages: [BP_LatencyLogger_C_1] LATENCY_LOG,Move,1.45,1.469,0.018
LogBlueprintUserMessages: [BP_LatencyLogger_C_1] LATENCY_LOG,Move,1.469,1.487,0.019
LogBlueprintUserMessages: [BP_LatencyLogger_C_1] LATENCY_LOG,Move,1.487,1.506,0.019
LogBlueprintUserMessages: [BP_LatencyLogger_C_1] LATENCY_LOG,Move,1.506,1.526,0.02
LogBlueprintUserMessages: [BP_LatencyLogger_C_1] LATENCY_LOG,Move,1.526,1.545,0.019
LogBlueprintUserMessages: [BP_LatencyLogger_C_1] LATENCY_LOG,Move,1.545,1.565,0.02
LogBlueprintUserMessages: [BP_LatencyLogger_C_1] LATENCY_LOG,Move,1.565,0.017,1.548
LogBlueprintUserMessages: [BP_LatencyLogger_C_1] LATENCY_LOG,Move,0.017,0.033,0.017
LogBlueprintUserMessages: [BP_LatencyLogger_C_1] LATENCY_LOG,Move,0.033,0.05,0.017
LogBlueprintUserMessages: [BP_LatencyLogger_C_1] LATENCY_LOG,Move,0.05,0.067,0.017
LogBlueprintUserMessages: [BP_LatencyLogger_C_1] LATENCY_LOG,Move,0.067,0.084,0.017
LogBlueprintUserMessages: [BP_LatencyLogger_C_1] LATENCY_LOG,Move,0.084,0.1,0.017
LogBlueprintUserMessages: [BP_LatencyLogger_C_1] LATENCY_LOG,Move,0.1,0.117,0.017
LogBlueprintUserMessages: [BP_LatencyLogger_C_1] LATENCY_LOG,Move,0.117,0.135,0.018
LogBlueprintUserMessages: [BP_LatencyLogger_C_1] LATENCY_LOG,Move,0.135,0.151,0.017
LogBlueprintUserMessages: [BP_LatencyLogger_C_1] LATENCY_LOG,Move,0.151,0.17,0.019
LogBlueprintUserMessages: [BP_LatencyLogger_C_1] LATENCY_LOG,Move,0.17,0.188,0.017
LogBlueprintUserMessages: [BP_LatencyLogger_C_1] LATENCY_LOG,Move,0.188,0.205,0.018
LogBlueprintUserMessages: [BP_LatencyLogger_C_1] LATENCY_LOG,Move,0.205,0.223,0.017
LogBlueprintUserMessages: [BP_LatencyLogger_C_1] LATENCY_LOG,Move,0.223,0.241,0.018
LogBlueprintUserMessages: [BP_LatencyLogger_C_1] LATENCY_LOG,Move,0.241,0.258,0.017
LogBlueprintUserMessages: [BP_LatencyLogger_C_1] LATENCY_LOG,Move,0.258,0.017,0.241
LogBlueprintUserMessages: [BP_LatencyLogger_C_1] LATENCY_LOG,Move,0.017,0.033,0.017
LogBlueprintUserMessages: [BP_LatencyLogger_C_1] LATENCY_LOG,Move,0.033,0.05,0.017
LogBlueprintUserMessages: [BP_LatencyLogger_C_1] LATENCY_LOG,Move,0.05,0.067,0.017
LogBlueprintUserMessages: [BP_LatencyLogger_C_1] LATENCY_LOG,Move,0.067,0.083,0.017
LogBlueprintUserMessages: [BP_LatencyLogger_C_1] LATENCY_LOG,Move,0.083,0.1,0.017
LogBlueprintUserMessages: [BP_LatencyLogger_C_1] LATENCY_LOG,Move,0.1,0.118,0.018
LogBlueprintUserMessages: [BP_LatencyLogger_C_1] LATENCY_LOG,Move,0.118,0.134,0.017
LogBlueprintUserMessages: [BP_LatencyLogger_C_1] LATENCY_LOG,Move,0.134,0.151,0.017
LogBlueprintUserMessages: [BP_LatencyLogger_C_1] LATENCY_LOG,Move,0.151,0.168,0.017
LogBlueprintUserMessages: [BP_LatencyLogger_C_1] LATENCY_LOG,Move,0.168,0.184,0.017
LogBlueprintUserMessages: [BP_LatencyLogger_C_1] LATENCY_LOG,Move,0.184,0.201,0.017
LogBlueprintUserMessages: [BP_LatencyLogger_C_1] LATENCY_LOG,Move,0.201,0.218,0.017
LogBlueprintUserMessages: [BP_LatencyLogger_C_1] LATENCY_LOG,Move,0.218,0.234,0.017
LogBlueprintUserMessages: [BP_LatencyLogger_C_1] LATENCY_LOG,Move,0.234,0.251,0.017
LogBlueprintUserMessages: [BP_LatencyLogger_C_1] LATENCY_LOG,Move,0.251,0.268,0.017
LogBlueprintUserMessages: [BP_LatencyLogger_C_1] LATENCY_LOG,Move,0.268,0.284,0.017
LogBlueprintUserMessages: [BP_LatencyLogger_C_1] LATENCY_LOG,Move,0.284,0.301,0.017
LogBlueprintUserMessages: [BP_LatencyLogger_C_1] LATENCY_LOG,Move,0.301,0.318,0.017
LogBlueprintUserMessages: [BP_LatencyLogger_C_1] LATENCY_LOG,Move,0.318,0.334,0.017
LogBlueprintUserMessages: [BP_LatencyLogger_C_1] LATENCY_LOG,Move,0.334,0.351,0.017
LogBlueprintUserMessages: [BP_LatencyLogger_C_1] LATENCY_LOG,Move,0.351,0.368,0.017
LogBlueprintUserMessages: [BP_LatencyLogger_C_1] LATENCY_LOG,Move,0.368,0.384,0.017
LogBlueprintUserMessages: [BP_LatencyLogger_C_1] LATENCY_LOG,Move,0.384,0.401,0.017
LogBlueprintUserMessages: [BP_LatencyLogger_C_1] LATENCY_LOG,Move,0.401,0.418,0.017
LogBlueprintUserMessages: [BP_LatencyLogger_C_1] LATENCY_LOG,Move,0.418,0.434,0.017
LogBlueprintUserMessages: [BP_LatencyLogger_C_1] LATENCY_LOG,Move,0.434,0.451,0.017
LogBlueprintUserMessages: [BP_LatencyLogger_C_1] LATENCY_LOG,Move,0.451,0.468,0.017
LogBlueprintUserMessages: [BP_LatencyLogger_C_1] LATENCY_LOG,Move,0.468,0.484,0.017
LogBlueprintUserMessages: [BP_LatencyLogger_C_1] LATENCY_LOG,Move,0.484,0.501,0.017
LogBlueprintUserMessages: [BP_LatencyLogger_C_1] LATENCY_LOG,Move,0.501,0.518,0.017
LogBlueprintUserMessages: [BP_LatencyLogger_C_1] LATENCY_LOG,Move,0.518,0.534,0.017
LogBlueprintUserMessages: [BP_LatencyLogger_C_1] LATENCY_LOG,Move,0.534,0.551,0.017
LogBlueprintUserMessages: [BP_LatencyLogger_C_1] LATENCY_LOG,Move,0.551,0.017,0.534
LogBlueprintUserMessages: [BP_LatencyLogger_C_1] LATENCY_LOG,Move,0.017,0.033,0.017
LogBlueprintUserMessages: [BP_LatencyLogger_C_1] LATENCY_LOG,Move,0.033,0.05,0.017
LogBlueprintUserMessages: [BP_LatencyLogger_C_1] LATENCY_LOG,Move,0.05,0.067,0.017
LogBlueprintUserMessages: [BP_LatencyLogger_C_1] LATENCY_LOG,Move,0.067,0.083,0.017
LogBlueprintUserMessages: [BP_LatencyLogger_C_1] LATENCY_LOG,Move,0.083,0.1,0.017
LogBlueprintUserMessages: [BP_LatencyLogger_C_1] LATENCY_LOG,Move,0.1,0.117,0.017
LogBlueprintUserMessages: [BP_LatencyLogger_C_1] LATENCY_LOG,Move,0.117,0.133,0.017
LogBlueprintUserMessages: [BP_LatencyLogger_C_1] LATENCY_LOG,Move,0.133,0.15,0.017
LogBlueprintUserMessages: [BP_LatencyLogger_C_1] LATENCY_LOG,Move,0.15,0.167,0.017
LogBlueprintUserMessages: [BP_LatencyLogger_C_1] LATENCY_LOG,Move,0.167,0.183,0.017
LogBlueprintUserMessages: [BP_LatencyLogger_C_1] LATENCY_LOG,Move,0.183,0.2,0.017
LogBlueprintUserMessages: [BP_LatencyLogger_C_1] LATENCY_LOG,Move,0.2,0.217,0.017
LogBlueprintUserMessages: [BP_LatencyLogger_C_1] LATENCY_LOG,Move,0.217,0.233,0.017
LogBlueprintUserMessages: [BP_LatencyLogger_C_1] LATENCY_LOG,Move,0.233,0.25,0.017
LogBlueprintUserMessages: [BP_LatencyLogger_C_1] LATENCY_LOG,Move,0.25,0.267,0.017
LogBlueprintUserMessages: [BP_LatencyLogger_C_1] LATENCY_LOG,Move,0.267,0.283,0.017
LogBlueprintUserMessages: [BP_LatencyLogger_C_1] LATENCY_LOG,Move,0.283,0.3,0.017
LogBlueprintUserMessages: [BP_LatencyLogger_C_1] LATENCY_LOG,Move,0.3,0.317,0.017
LogBlueprintUserMessages: [BP_LatencyLogger_C_1] LATENCY_LOG,Move,0.317,0.017,0.3
LogBlueprintUserMessages: [BP_LatencyLogger_C_1] LATENCY_LOG,Move,0.017,0.033,0.017
LogBlueprintUserMessages: [BP_LatencyLogger_C_1] LATENCY_LOG,Move,0.033,0.05,0.017
LogBlueprintUserMessages: [BP_LatencyLogger_C_1] LATENCY_LOG,Move,0.05,0.067,0.017
LogBlueprintUserMessages: [BP_LatencyLogger_C_1] LATENCY_LOG,Move,0.067,0.083,0.017
LogBlueprintUserMessages: [BP_LatencyLogger_C_1] LATENCY_LOG,Move,0.083,0.1,0.017
LogBlueprintUserMessages: [BP_LatencyLogger_C_1] LATENCY_LOG,Move,0.1,0.117,0.017
LogBlueprintUserMessages: [BP_LatencyLogger_C_1] LATENCY_LOG,Move,0.117,0.133,0.017
LogBlueprintUserMessages: [BP_LatencyLogger_C_1] LATENCY_LOG,Move,0.133,0.15,0.017
LogBlueprintUserMessages: [BP_LatencyLogger_C_1] LATENCY_LOG,Move,0.15,0.167,0.017
LogBlueprintUserMessages: [BP_LatencyLogger_C_1] LATENCY_LOG,Move,0.167,0.183,0.017
LogBlueprintUserMessages: [BP_LatencyLogger_C_1] LATENCY_LOG,Move,0.183,0.2,0.017
LogBlueprintUserMessages: [BP_LatencyLogger_C_1] LATENCY_LOG,Move,0.2,0.217,0.017
LogBlueprintUserMessages: [BP_LatencyLogger_C_1] LATENCY_LOG,Move,0.217,0.233,0.017
LogBlueprintUserMessages: [BP_LatencyLogger_C_1] LATENCY_LOG,Move,0.233,0.25,0.017
LogBlueprintUserMessages: [BP_LatencyLogger_C_1] LATENCY_LOG,Move,0.25,0.267,0.017
LogBlueprintUserMessages: [BP_LatencyLogger_C_1] LATENCY_LOG,Move,0.267,0.283,0.017
LogBlueprintUserMessages: [BP_LatencyLogger_C_1] LATENCY_LOG,Move,0.283,0.3,0.017
LogBlueprintUserMessages: [BP_LatencyLogger_C_1] LATENCY_LOG,Move,0.3,0.317,0.017
LogBlueprintUserMessages: [BP_LatencyLogger_C_1] LATENCY_LOG,Move,0.317,0.334,0.017
LogBlueprintUserMessages: [BP_LatencyLogger_C_1] LATENCY_LOG,Move,0.334,0.35,0.017
LogBlueprintUserMessages: [BP_LatencyLogger_C_1] LATENCY_LOG,Move,0.35,0.367,0.017
LogBlueprintUserMessages: [BP_LatencyLogger_C_1] LATENCY_LOG,Move,0.367,0.384,0.017
LogBlueprintUserMessages: [BP_LatencyLogger_C_1] LATENCY_LOG,Move,0.384,0.4,0.017
LogBlueprintUserMessages: [BP_LatencyLogger_C_1] LATENCY_LOG,Move,0.4,0.417,0.017
LogBlueprintUserMessages: [BP_LatencyLogger_C_1] LATENCY_LOG,Move,0.417,0.434,0.017
LogBlueprintUserMessages: [BP_LatencyLogger_C_1] LATENCY_LOG,Move,0.434,0.451,0.017
LogBlueprintUserMessages: [BP_LatencyLogger_C_1] LATENCY_LOG,Move,0.451,0.468,0.017
LogBlueprintUserMessages: [BP_LatencyLogger_C_1] LATENCY_LOG,Move,0.468,0.485,0.017
LogBlueprintUserMessages: [BP_LatencyLogger_C_1] LATENCY_LOG,Move,0.485,0.504,0.019
LogBlueprintUserMessages: [BP_LatencyLogger_C_1] LATENCY_LOG,Move,0.504,0.526,0.022
LogBlueprintUserMessages: [BP_LatencyLogger_C_1] LATENCY_LOG,Move,0.526,0.543,0.017
LogBlueprintUserMessages: [BP_LatencyLogger_C_1] LATENCY_LOG,Move,0.543,0.563,0.021
LogBlueprintUserMessages: [BP_LatencyLogger_C_1] LATENCY_LOG,Move,0.563,0.583,0.02
LogBlueprintUserMessages: [BP_LatencyLogger_C_1] LATENCY_LOG,Move,0.583,0.603,0.02
LogBlueprintUserMessages: [BP_LatencyLogger_C_1] LATENCY_LOG,Move,0.603,0.623,0.02
LogBlueprintUserMessages: [BP_LatencyLogger_C_1] LATENCY_LOG,Move,0.623,0.643,0.02
LogBlueprintUserMessages: [BP_LatencyLogger_C_1] LATENCY_LOG,Move,0.643,0.665,0.022
LogBlueprintUserMessages: [BP_LatencyLogger_C_1] LATENCY_LOG,Move,0.665,0.682,0.017
LogBlueprintUserMessages: [BP_LatencyLogger_C_1] LATENCY_LOG,Move,0.682,0.704,0.021
LogBlueprintUserMessages: [BP_LatencyLogger_C_1] LATENCY_LOG,Move,0.704,0.723,0.02
LogBlueprintUserMessages: [BP_LatencyLogger_C_1] LATENCY_LOG,Move,0.723,0.745,0.021
LogBlueprintUserMessages: [BP_LatencyLogger_C_1] LATENCY_LOG,Move,0.745,0.765,0.02
LogBlueprintUserMessages: [BP_LatencyLogger_C_1] LATENCY_LOG,Move,0.765,0.783,0.019
LogBlueprintUserMessages: [BP_LatencyLogger_C_1] LATENCY_LOG,Move,0.783,0.803,0.02
LogBlueprintUserMessages: [BP_LatencyLogger_C_1] LATENCY_LOG,Move,0.803,0.822,0.019
LogBlueprintUserMessages: [BP_LatencyLogger_C_1] LATENCY_LOG,Move,0.822,0.84,0.018
LogBlueprintUserMessages: [BP_LatencyLogger_C_1] LATENCY_LOG,Move,0.84,0.857,0.017
LogBlueprintUserMessages: [BP_LatencyLogger_C_1] LATENCY_LOG,Move,0.857,0.874,0.017
LogBlueprintUserMessages: [BP_LatencyLogger_C_1] LATENCY_LOG,Move,0.874,0.892,0.018
LogBlueprintUserMessages: [BP_LatencyLogger_C_1] LATENCY_LOG,Move,0.892,0.02,0.872
LogBlueprintUserMessages: [BP_LatencyLogger_C_1] LATENCY_LOG,Move,0.02,0.038,0.019
LogBlueprintUserMessages: [BP_LatencyLogger_C_1] LATENCY_LOG,Move,0.038,0.056,0.018
LogBlueprintUserMessages: [BP_LatencyLogger_C_1] LATENCY_LOG,Move,0.056,0.074,0.017
LogBlueprintUserMessages: [BP_LatencyLogger_C_1] LATENCY_LOG,Move,0.074,0.092,0.018
LogBlueprintUserMessages: [BP_LatencyLogger_C_1] LATENCY_LOG,Move,0.092,0.109,0.018
LogBlueprintUserMessages: [BP_LatencyLogger_C_1] LATENCY_LOG,Move,0.109,0.13,0.02
LogBlueprintUserMessages: [BP_LatencyLogger_C_1] LATENCY_LOG,Move,0.13,0.186,0.057
LogBlueprintUserMessages: [BP_LatencyLogger_C_1] LATENCY_LOG,Move,0.186,0.208,0.022
LogBlueprintUserMessages: [BP_LatencyLogger_C_1] LATENCY_LOG,Move,0.208,0.225,0.017
LogBlueprintUserMessages: [BP_LatencyLogger_C_1] LATENCY_LOG,Move,0.225,0.242,0.017
LogBlueprintUserMessages: [BP_LatencyLogger_C_1] LATENCY_LOG,Move,0.242,0.258,0.017
LogBlueprintUserMessages: [BP_LatencyLogger_C_1] LATENCY_LOG,Move,0.258,0.275,0.017
LogBlueprintUserMessages: [BP_LatencyLogger_C_1] LATENCY_LOG,Move,0.275,0.292,0.017
LogBlueprintUserMessages: [BP_LatencyLogger_C_1] LATENCY_LOG,Move,0.292,0.309,0.018
LogBlueprintUserMessages: [BP_LatencyLogger_C_1] LATENCY_LOG,Move,0.309,0.017,0.293
LogBlueprintUserMessages: [BP_LatencyLogger_C_1] LATENCY_LOG,Move,0.017,0.033,0.017
LogBlueprintUserMessages: [BP_LatencyLogger_C_1] LATENCY_LOG,Move,0.033,0.05,0.017
LogBlueprintUserMessages: [BP_LatencyLogger_C_1] LATENCY_LOG,Move,0.05,0.067,0.017
LogBlueprintUserMessages: [BP_LatencyLogger_C_1] LATENCY_LOG,Move,0.067,0.083,0.017
LogBlueprintUserMessages: [BP_LatencyLogger_C_1] LATENCY_LOG,Move,0.083,0.1,0.017
LogBlueprintUserMessages: [BP_LatencyLogger_C_1] LATENCY_LOG,Move,0.1,0.117,0.017
LogBlueprintUserMessages: [BP_LatencyLogger_C_1] LATENCY_LOG,Move,0.117,0.133,0.017
LogBlueprintUserMessages: [BP_LatencyLogger_C_1] LATENCY_LOG,Move,0.133,0.151,0.018
LogBlueprintUserMessages: [BP_LatencyLogger_C_1] LATENCY_LOG,Move,0.151,0.168,0.017
LogBlueprintUserMessages: [BP_LatencyLogger_C_1] LATENCY_LOG,Move,0.168,0.185,0.017
LogBlueprintUserMessages: [BP_LatencyLogger_C_1] LATENCY_LOG,Move,0.185,0.201,0.017
LogBlueprintUserMessages: [BP_LatencyLogger_C_1] LATENCY_LOG,Move,0.201,0.218,0.017
LogBlueprintUserMessages: [BP_LatencyLogger_C_1] LATENCY_LOG,Move,0.218,0.235,0.017
LogBlueprintUserMessages: [BP_LatencyLogger_C_1] LATENCY_LOG,Move,0.235,0.252,0.017
LogBlueprintUserMessages: [BP_LatencyLogger_C_1] LATENCY_LOG,Move,0.252,0.33,0.078
LogBlueprintUserMessages: [BP_LatencyLogger_C_1] LATENCY_LOG,Move,0.33,0.348,0.018
LogBlueprintUserMessages: [BP_LatencyLogger_C_1] LATENCY_LOG,Move,0.348,0.409,0.061
LogBlueprintUserMessages: [BP_LatencyLogger_C_1] LATENCY_LOG,Move,0.409,0.426,0.017
LogBlueprintUserMessages: [BP_LatencyLogger_C_1] LATENCY_LOG,Move,0.426,0.443,0.017
LogBlueprintUserMessages: [BP_LatencyLogger_C_1] LATENCY_LOG,Move,0.443,0.459,0.017
LogBlueprintUserMessages: [BP_LatencyLogger_C_1] LATENCY_LOG,Move,0.459,0.476,0.017
LogBlueprintUserMessages: [BP_LatencyLogger_C_1] LATENCY_LOG,Move,0.476,0.493,0.017
LogBlueprintUserMessages: [BP_LatencyLogger_C_1] LATENCY_LOG,Move,0.493,0.514,0.02
LogBlueprintUserMessages: [BP_LatencyLogger_C_1] LATENCY_LOG,Move,0.514,0.532,0.018
LogBlueprintUserMessages: [BP_LatencyLogger_C_1] LATENCY_LOG,Move,0.532,0.553,0.021
LogBlueprintUserMessages: [BP_LatencyLogger_C_1] LATENCY_LOG,Move,0.553,0.571,0.018
LogBlueprintUserMessages: [BP_LatencyLogger_C_1] LATENCY_LOG,Move,0.571,0.591,0.02
LogBlueprintUserMessages: [BP_LatencyLogger_C_1] LATENCY_LOG,Move,0.591,0.609,0.018
LogBlueprintUserMessages: [BP_LatencyLogger_C_1] LATENCY_LOG,Move,0.609,0.628,0.019
LogBlueprintUserMessages: [BP_LatencyLogger_C_1] LATENCY_LOG,Move,0.628,0.644,0.017
LogBlueprintUserMessages: [BP_LatencyLogger_C_1] LATENCY_LOG,Move,0.644,0.662,0.018
LogBlueprintUserMessages: [BP_LatencyLogger_C_1] LATENCY_LOG,Move,0.662,0.68,0.017
LogBlueprintUserMessages: [BP_LatencyLogger_C_1] LATENCY_LOG,Move,0.68,0.697,0.017
LogBlueprintUserMessages: [BP_LatencyLogger_C_1] LATENCY_LOG,Move,0.697,0.717,0.02
LogBlueprintUserMessages: [BP_LatencyLogger_C_1] LATENCY_LOG,Move,0.717,0.734,0.017
LogBlueprintUserMessages: [BP_LatencyLogger_C_1] LATENCY_LOG,Move,0.734,0.753,0.019
LogBlueprintUserMessages: [BP_LatencyLogger_C_1] LATENCY_LOG,Move,0.753,0.77,0.017
LogBlueprintUserMessages: [BP_LatencyLogger_C_1] LATENCY_LOG,Move,0.77,0.788,0.018
LogBlueprintUserMessages: [BP_LatencyLogger_C_1] LATENCY_LOG,Move,0.788,0.805,0.017
LogBlueprintUserMessages: [BP_LatencyLogger_C_1] LATENCY_LOG,Move,0.805,0.822,0.017
LogBlueprintUserMessages: [BP_LatencyLogger_C_1] LATENCY_LOG,Move,0.822,0.838,0.017
LogBlueprintUserMessages: [BP_LatencyLogger_C_1] LATENCY_LOG,Move,0.838,0.857,0.018
LogBlueprintUserMessages: [BP_LatencyLogger_C_1] LATENCY_LOG,Move,0.857,0.873,0.017
LogBlueprintUserMessages: [BP_LatencyLogger_C_1] LATENCY_LOG,Move,0.873,0.894,0.021
LogBlueprintUserMessages: [BP_LatencyLogger_C_1] LATENCY_LOG,Move,0.894,0.911,0.017
LogBlueprintUserMessages: [BP_LatencyLogger_C_1] LATENCY_LOG,Move,0.911,0.928,0.017
LogBlueprintUserMessages: [BP_LatencyLogger_C_1] LATENCY_LOG,Move,0.928,0.945,0.017
LogBlueprintUserMessages: [BP_LatencyLogger_C_1] LATENCY_LOG,Move,0.945,0.962,0.017
LogBlueprintUserMessages: [BP_LatencyLogger_C_1] LATENCY_LOG,Move,0.962,0.979,0.018
LogBlueprintUserMessages: [BP_LatencyLogger_C_1] LATENCY_LOG,Move,0.979,0.997,0.018
LogBlueprintUserMessages: [BP_LatencyLogger_C_1] LATENCY_LOG,Move,0.997,1.014,0.017
LogBlueprintUserMessages: [BP_LatencyLogger_C_1] LATENCY_LOG,Move,1.014,1.031,0.017
LogBlueprintUserMessages: [BP_LatencyLogger_C_1] LATENCY_LOG,Move,1.031,1.047,0.017
LogBlueprintUserMessages: [BP_LatencyLogger_C_1] LATENCY_LOG,Move,1.047,1.064,0.017
LogBlueprintUserMessages: [BP_LatencyLogger_C_1] LATENCY_LOG,Move,1.064,1.081,0.017
LogBlueprintUserMessages: [BP_LatencyLogger_C_1] LATENCY_LOG,Move,1.081,1.097,0.017
LogBlueprintUserMessages: [BP_LatencyLogger_C_1] LATENCY_LOG,Move,1.097,1.114,0.017
LogBlueprintUserMessages: [BP_LatencyLogger_C_1] LATENCY_LOG,Move,1.114,1.131,0.017
LogBlueprintUserMessages: [BP_LatencyLogger_C_1] LATENCY_LOG,Move,1.131,1.147,0.017
LogBlueprintUserMessages: [BP_LatencyLogger_C_1] LATENCY_LOG,Move,1.147,0.017,1.131
LogBlueprintUserMessages: [BP_LatencyLogger_C_1] LATENCY_LOG,Move,0.017,0.033,0.017
LogBlueprintUserMessages: [BP_LatencyLogger_C_1] LATENCY_LOG,Move,0.033,0.05,0.017
LogBlueprintUserMessages: [BP_LatencyLogger_C_1] LATENCY_LOG,Move,0.05,0.067,0.017
LogBlueprintUserMessages: [BP_LatencyLogger_C_1] LATENCY_LOG,Move,0.067,0.084,0.017
LogBlueprintUserMessages: [BP_LatencyLogger_C_1] LATENCY_LOG,Move,0.084,0.1,0.017
LogBlueprintUserMessages: [BP_LatencyLogger_C_1] LATENCY_LOG,Move,0.1,0.117,0.017
LogBlueprintUserMessages: [BP_LatencyLogger_C_1] LATENCY_LOG,Move,0.117,0.134,0.017
LogBlueprintUserMessages: [BP_LatencyLogger_C_1] LATENCY_LOG,Move,0.134,0.15,0.017
LogBlueprintUserMessages: [BP_LatencyLogger_C_1] LATENCY_LOG,Move,0.15,0.167,0.017
LogBlueprintUserMessages: [BP_LatencyLogger_C_1] LATENCY_LOG,Move,0.167,0.184,0.017
LogBlueprintUserMessages: [BP_LatencyLogger_C_1] LATENCY_LOG,Move,0.184,0.2,0.017
LogBlueprintUserMessages: [BP_LatencyLogger_C_1] LATENCY_LOG,Move,0.2,0.217,0.017
LogBlueprintUserMessages: [BP_LatencyLogger_C_1] LATENCY_LOG,Move,0.217,0.234,0.017
LogBlueprintUserMessages: [BP_LatencyLogger_C_1] LATENCY_LOG,Move,0.234,0.25,0.017
LogBlueprintUserMessages: [BP_LatencyLogger_C_1] LATENCY_LOG,Move,0.25,0.267,0.017
LogBlueprintUserMessages: [BP_LatencyLogger_C_1] LATENCY_LOG,Move,0.267,0.017,0.25
LogBlueprintUserMessages: [BP_LatencyLogger_C_1] LATENCY_LOG,Move,0.017,0.033,0.017
LogBlueprintUserMessages: [BP_LatencyLogger_C_1] LATENCY_LOG,Move,0.033,0.05,0.017
LogBlueprintUserMessages: [BP_LatencyLogger_C_1] LATENCY_LOG,Move,0.05,0.067,0.017
LogBlueprintUserMessages: [BP_LatencyLogger_C_1] LATENCY_LOG,Move,0.067,0.083,0.017
LogBlueprintUserMessages: [BP_LatencyLogger_C_1] LATENCY_LOG,Move,0.083,0.1,0.017
LogBlueprintUserMessages: [BP_LatencyLogger_C_1] LATENCY_LOG,Move,0.1,0.117,0.017
LogBlueprintUserMessages: [BP_LatencyLogger_C_1] LATENCY_LOG,Move,0.117,0.133,0.017
LogBlueprintUserMessages: [BP_LatencyLogger_C_1] LATENCY_LOG,Move,0.133,0.15,0.017
LogBlueprintUserMessages: [BP_LatencyLogger_C_1] LATENCY_LOG,Move,0.15,0.167,0.017
LogBlueprintUserMessages: [BP_LatencyLogger_C_1] LATENCY_LOG,Move,0.167,0.183,0.017
LogBlueprintUserMessages: [BP_LatencyLogger_C_1] LATENCY_LOG,Move,0.183,0.2,0.017
LogBlueprintUserMessages: [BP_LatencyLogger_C_1] LATENCY_LOG,Move,0.2,0.217,0.017
LogBlueprintUserMessages: [BP_LatencyLogger_C_1] LATENCY_LOG,Move,0.217,0.233,0.017
LogBlueprintUserMessages: [BP_LatencyLogger_C_1] LATENCY_LOG,Move,0.233,0.25,0.017
LogBlueprintUserMessages: [BP_LatencyLogger_C_1] LATENCY_LOG,Move,0.25,0.267,0.017
LogBlueprintUserMessages: [BP_LatencyLogger_C_1] LATENCY_LOG,Move,0.267,0.283,0.017
LogBlueprintUserMessages: [BP_LatencyLogger_C_1] LATENCY_LOG,Move,0.283,0.3,0.017
LogBlueprintUserMessages: [BP_LatencyLogger_C_1] LATENCY_LOG,Move,0.3,0.317,0.017
LogBlueprintUserMessages: [BP_LatencyLogger_C_1] LATENCY_LOG,Move,0.317,0.334,0.017
LogBlueprintUserMessages: [BP_LatencyLogger_C_1] LATENCY_LOG,Move,0.334,0.35,0.017
LogBlueprintUserMessages: [BP_LatencyLogger_C_1] LATENCY_LOG,Move,0.35,0.367,0.017
LogBlueprintUserMessages: [BP_LatencyLogger_C_1] LATENCY_LOG,Move,0.367,0.384,0.017
LogBlueprintUserMessages: [BP_LatencyLogger_C_1] LATENCY_LOG,Move,0.384,0.4,0.017
LogBlueprintUserMessages: [BP_LatencyLogger_C_1] LATENCY_LOG,Move,0.4,0.417,0.017
LogBlueprintUserMessages: [BP_LatencyLogger_C_1] LATENCY_LOG,Move,0.417,0.434,0.017
LogBlueprintUserMessages: [BP_LatencyLogger_C_1] LATENCY_LOG,Move,0.434,0.45,0.017
LogBlueprintUserMessages: [BP_LatencyLogger_C_1] LATENCY_LOG,Move,0.45,0.467,0.017
LogBlueprintUserMessages: [BP_LatencyLogger_C_1] LATENCY_LOG,Move,0.467,0.484,0.017
LogBlueprintUserMessages: [BP_LatencyLogger_C_1] LATENCY_LOG,Move,0.484,0.5,0.017
LogBlueprintUserMessages: [BP_LatencyLogger_C_1] LATENCY_LOG,Move,0.5,0.517,0.017
LogBlueprintUserMessages: [BP_LatencyLogger_C_1] LATENCY_LOG,Move,0.517,0.534,0.017
LogBlueprintUserMessages: [BP_LatencyLogger_C_1] LATENCY_LOG,Move,0.534,0.55,0.017
LogBlueprintUserMessages: [BP_LatencyLogger_C_1] LATENCY_LOG,Move,0.55,0.017,0.534
LogBlueprintUserMessages: [BP_LatencyLogger_C_1] LATENCY_LOG,Move,0.017,0.033,0.017
LogBlueprintUserMessages: [BP_LatencyLogger_C_1] LATENCY_LOG,Move,0.033,0.05,0.017
LogBlueprintUserMessages: [BP_LatencyLogger_C_1] LATENCY_LOG,Move,0.05,0.068,0.018
LogBlueprintUserMessages: [BP_LatencyLogger_C_1] LATENCY_LOG,Move,0.068,0.086,0.018
LogBlueprintUserMessages: [BP_LatencyLogger_C_1] LATENCY_LOG,Move,0.086,0.104,0.018
LogBlueprintUserMessages: [BP_LatencyLogger_C_1] LATENCY_LOG,Move,0.104,0.122,0.017
LogBlueprintUserMessages: [BP_LatencyLogger_C_1] LATENCY_LOG,Move,0.122,0.138,0.017
LogBlueprintUserMessages: [BP_LatencyLogger_C_1] LATENCY_LOG,Move,0.138,0.155,0.017
LogBlueprintUserMessages: [BP_LatencyLogger_C_1] LATENCY_LOG,Move,0.155,0.172,0.017
LogBlueprintUserMessages: [BP_LatencyLogger_C_1] LATENCY_LOG,Move,0.172,0.188,0.017
LogBlueprintUserMessages: [BP_LatencyLogger_C_1] LATENCY_LOG,Move,0.188,0.205,0.017
LogBlueprintUserMessages: [BP_LatencyLogger_C_1] LATENCY_LOG,Move,0.205,0.222,0.017
LogBlueprintUserMessages: [BP_LatencyLogger_C_1] LATENCY_LOG,Move,0.222,0.238,0.017
LogBlueprintUserMessages: [BP_LatencyLogger_C_1] LATENCY_LOG,Move,0.238,0.255,0.017
LogBlueprintUserMessages: [BP_LatencyLogger_C_1] LATENCY_LOG,Move,0.255,0.272,0.017
LogBlueprintUserMessages: [BP_LatencyLogger_C_1] LATENCY_LOG,Move,0.272,0.288,0.017
LogBlueprintUserMessages: [BP_LatencyLogger_C_1] LATENCY_LOG,Move,0.288,0.305,0.017
LogBlueprintUserMessages: [BP_LatencyLogger_C_1] LATENCY_LOG,Move,0.305,0.322,0.017
LogBlueprintUserMessages: [BP_LatencyLogger_C_1] LATENCY_LOG,Move,0.322,0.339,0.017
LogBlueprintUserMessages: [BP_LatencyLogger_C_1] LATENCY_LOG,Move,0.339,0.355,0.017
LogBlueprintUserMessages: [BP_LatencyLogger_C_1] LATENCY_LOG,Move,0.355,0.372,0.017
LogBlueprintUserMessages: [BP_LatencyLogger_C_1] LATENCY_LOG,Move,0.372,0.389,0.017
LogBlueprintUserMessages: [BP_LatencyLogger_C_1] LATENCY_LOG,Move,0.389,0.405,0.017
LogBlueprintUserMessages: [BP_LatencyLogger_C_1] LATENCY_LOG,Move,0.405,0.422,0.017
LogBlueprintUserMessages: [BP_LatencyLogger_C_1] LATENCY_LOG,Move,0.422,0.439,0.017
LogBlueprintUserMessages: [BP_LatencyLogger_C_1] LATENCY_LOG,Move,0.439,0.455,0.017
LogBlueprintUserMessages: [BP_LatencyLogger_C_1] LATENCY_LOG,Move,0.455,0.472,0.017
LogBlueprintUserMessages: [BP_LatencyLogger_C_1] LATENCY_LOG,Move,0.472,0.489,0.017
LogBlueprintUserMessages: [BP_LatencyLogger_C_1] LATENCY_LOG,Move,0.489,0.505,0.017
LogBlueprintUserMessages: [BP_LatencyLogger_C_1] LATENCY_LOG,Move,0.505,0.522,0.017
LogBlueprintUserMessages: [BP_LatencyLogger_C_1] LATENCY_LOG,Move,0.522,0.539,0.017
LogBlueprintUserMessages: [BP_LatencyLogger_C_1] LATENCY_LOG,Move,0.539,0.017,0.522
LogBlueprintUserMessages: [BP_LatencyLogger_C_1] LATENCY_LOG,Move,0.017,0.033,0.017
LogBlueprintUserMessages: [BP_LatencyLogger_C_1] LATENCY_LOG,Move,0.033,0.05,0.017
LogBlueprintUserMessages: [BP_LatencyLogger_C_1] LATENCY_LOG,Move,0.05,0.067,0.017
LogBlueprintUserMessages: [BP_LatencyLogger_C_1] LATENCY_LOG,Move,0.067,0.083,0.017
LogBlueprintUserMessages: [BP_LatencyLogger_C_1] LATENCY_LOG,Move,0.083,0.1,0.017
LogBlueprintUserMessages: [BP_LatencyLogger_C_1] LATENCY_LOG,Move,0.1,0.117,0.017
LogBlueprintUserMessages: [BP_LatencyLogger_C_1] LATENCY_LOG,Move,0.117,0.133,0.017
LogBlueprintUserMessages: [BP_LatencyLogger_C_1] LATENCY_LOG,Move,0.133,0.15,0.017
LogBlueprintUserMessages: [BP_LatencyLogger_C_1] LATENCY_LOG,Move,0.15,0.167,0.017
LogBlueprintUserMessages: [BP_LatencyLogger_C_1] LATENCY_LOG,Move,0.167,0.183,0.017
LogBlueprintUserMessages: [BP_LatencyLogger_C_1] LATENCY_LOG,Move,0.183,0.2,0.017
LogBlueprintUserMessages: [BP_LatencyLogger_C_1] LATENCY_LOG,Move,0.2,0.217,0.017
LogBlueprintUserMessages: [BP_LatencyLogger_C_1] LATENCY_LOG,Move,0.217,0.233,0.017
LogBlueprintUserMessages: [BP_LatencyLogger_C_1] LATENCY_LOG,Move,0.233,0.25,0.017
LogBlueprintUserMessages: [BP_LatencyLogger_C_1] LATENCY_LOG,Move,0.25,0.267,0.017
LogBlueprintUserMessages: [BP_LatencyLogger_C_1] LATENCY_LOG,Move,0.267,0.283,0.017
LogBlueprintUserMessages: [BP_LatencyLogger_C_1] LATENCY_LOG,Move,0.283,0.3,0.017
LogBlueprintUserMessages: [BP_LatencyLogger_C_1] LATENCY_LOG,Move,0.3,0.317,0.017
LogBlueprintUserMessages: [BP_LatencyLogger_C_1] LATENCY_LOG,Move,0.317,0.333,0.017
LogBlueprintUserMessages: [BP_LatencyLogger_C_1] LATENCY_LOG,Move,0.333,0.35,0.017
LogBlueprintUserMessages: [BP_LatencyLogger_C_1] LATENCY_LOG,Move,0.35,0.367,0.017
LogBlueprintUserMessages: [BP_LatencyLogger_C_1] LATENCY_LOG,Move,0.367,0.383,0.017
LogBlueprintUserMessages: [BP_LatencyLogger_C_1] LATENCY_LOG,Move,0.383,0.4,0.017
LogBlueprintUserMessages: [BP_LatencyLogger_C_1] LATENCY_LOG,Move,0.4,0.417,0.017
LogBlueprintUserMessages: [BP_LatencyLogger_C_1] LATENCY_LOG,Move,0.417,0.433,0.017
LogBlueprintUserMessages: [BP_LatencyLogger_C_1] LATENCY_LOG,Move,0.433,0.45,0.017
LogBlueprintUserMessages: [BP_LatencyLogger_C_1] LATENCY_LOG,Move,0.45,0.467,0.017
LogBlueprintUserMessages: [BP_LatencyLogger_C_1] LATENCY_LOG,Move,0.467,0.484,0.017
LogBlueprintUserMessages: [BP_LatencyLogger_C_1] LATENCY_LOG,Move,0.484,0.5,0.017
LogBlueprintUserMessages: [BP_LatencyLogger_C_1] LATENCY_LOG,Move,0.5,0.517,0.017
LogBlueprintUserMessages: [BP_LatencyLogger_C_1] LATENCY_LOG,Move,0.517,0.534,0.017
LogBlueprintUserMessages: [BP_LatencyLogger_C_1] LATENCY_LOG,Move,0.534,0.017,0.517
LogBlueprintUserMessages: [BP_LatencyLogger_C_1] LATENCY_LOG,Move,0.017,0.033,0.017
LogBlueprintUserMessages: [BP_LatencyLogger_C_1] LATENCY_LOG,Move,0.033,0.05,0.017
LogBlueprintUserMessages: [BP_LatencyLogger_C_1] LATENCY_LOG,Move,0.05,0.067,0.017
LogBlueprintUserMessages: [BP_LatencyLogger_C_1] LATENCY_LOG,Move,0.067,0.083,0.017
LogBlueprintUserMessages: [BP_LatencyLogger_C_1] LATENCY_LOG,Move,0.083,0.1,0.017
LogBlueprintUserMessages: [BP_LatencyLogger_C_1] LATENCY_LOG,Move,0.1,0.117,0.017
LogBlueprintUserMessages: [BP_LatencyLogger_C_1] LATENCY_LOG,Move,0.117,0.133,0.017
LogBlueprintUserMessages: [BP_LatencyLogger_C_1] LATENCY_LOG,Move,0.133,0.15,0.017
LogBlueprintUserMessages: [BP_LatencyLogger_C_1] LATENCY_LOG,Move,0.15,0.167,0.017
LogBlueprintUserMessages: [BP_LatencyLogger_C_1] LATENCY_LOG,Move,0.167,0.183,0.017
LogBlueprintUserMessages: [BP_LatencyLogger_C_1] LATENCY_LOG,Move,0.183,0.2,0.017
LogBlueprintUserMessages: [BP_LatencyLogger_C_1] LATENCY_LOG,Move,0.2,0.217,0.017
LogBlueprintUserMessages: [BP_LatencyLogger_C_1] LATENCY_LOG,Move,0.217,0.233,0.017
LogBlueprintUserMessages: [BP_LatencyLogger_C_1] LATENCY_LOG,Move,0.233,0.25,0.017
LogBlueprintUserMessages: [BP_LatencyLogger_C_1] LATENCY_LOG,Move,0.25,0.267,0.017
LogBlueprintUserMessages: [BP_LatencyLogger_C_1] LATENCY_LOG,Move,0.267,0.283,0.017
LogBlueprintUserMessages: [BP_LatencyLogger_C_1] LATENCY_LOG,Move,0.283,0.3,0.017
LogBlueprintUserMessages: [BP_LatencyLogger_C_1] LATENCY_LOG,Move,0.3,0.317,0.017
LogBlueprintUserMessages: [BP_LatencyLogger_C_1] LATENCY_LOG,Move,0.317,0.333,0.017
LogBlueprintUserMessages: [BP_LatencyLogger_C_1] LATENCY_LOG,Move,0.333,0.351,0.017
LogBlueprintUserMessages: [BP_LatencyLogger_C_1] LATENCY_LOG,Move,0.351,0.368,0.017
LogBlueprintUserMessages: [BP_LatencyLogger_C_1] LATENCY_LOG,Move,0.368,0.384,0.017
LogBlueprintUserMessages: [BP_LatencyLogger_C_1] LATENCY_LOG,Move,0.384,0.401,0.017
LogBlueprintUserMessages: [BP_LatencyLogger_C_1] LATENCY_LOG,Move,0.401,0.418,0.017
LogBlueprintUserMessages: [BP_LatencyLogger_C_1] LATENCY_LOG,Move,0.418,0.434,0.017
LogBlueprintUserMessages: [BP_LatencyLogger_C_1] LATENCY_LOG,Move,0.434,0.451,0.017
LogBlueprintUserMessages: [BP_LatencyLogger_C_1] LATENCY_LOG,Move,0.451,0.468,0.017
LogBlueprintUserMessages: [BP_LatencyLogger_C_1] LATENCY_LOG,Move,0.468,0.484,0.017
LogBlueprintUserMessages: [BP_LatencyLogger_C_1] LATENCY_LOG,Move,0.484,0.501,0.017
LogBlueprintUserMessages: [BP_LatencyLogger_C_1] LATENCY_LOG,Move,0.501,0.519,0.018
LogBlueprintUserMessages: [BP_LatencyLogger_C_1] LATENCY_LOG,Move,0.519,0.535,0.017
LogBlueprintUserMessages: [BP_LatencyLogger_C_1] LATENCY_LOG,Move,0.535,0.02,0.515
LogBlueprintUserMessages: [BP_LatencyLogger_C_1] LATENCY_LOG,Move,0.02,0.039,0.019
LogBlueprintUserMessages: [BP_LatencyLogger_C_1] LATENCY_LOG,Move,0.039,0.06,0.021
LogBlueprintUserMessages: [BP_LatencyLogger_C_1] LATENCY_LOG,Move,0.06,0.081,0.021
LogBlueprintUserMessages: [BP_LatencyLogger_C_1] LATENCY_LOG,Move,0.081,0.101,0.02
LogBlueprintUserMessages: [BP_LatencyLogger_C_1] LATENCY_LOG,Move,0.101,0.118,0.017
LogBlueprintUserMessages: [BP_LatencyLogger_C_1] LATENCY_LOG,Move,0.118,0.138,0.02
LogBlueprintUserMessages: [BP_LatencyLogger_C_1] LATENCY_LOG,Move,0.138,0.159,0.021
LogBlueprintUserMessages: [BP_LatencyLogger_C_1] LATENCY_LOG,Move,0.159,0.178,0.019
LogBlueprintUserMessages: [BP_LatencyLogger_C_1] LATENCY_LOG,Move,0.178,0.199,0.021
LogBlueprintUserMessages: [BP_LatencyLogger_C_1] LATENCY_LOG,Move,0.199,0.219,0.02
LogBlueprintUserMessages: [BP_LatencyLogger_C_1] LATENCY_LOG,Move,0.219,0.238,0.019
LogBlueprintUserMessages: [BP_LatencyLogger_C_1] LATENCY_LOG,Move,0.238,0.256,0.018
LogBlueprintUserMessages: [BP_LatencyLogger_C_1] LATENCY_LOG,Move,0.256,0.275,0.019
LogBlueprintUserMessages: [BP_LatencyLogger_C_1] LATENCY_LOG,Move,0.275,0.292,0.017
LogBlueprintUserMessages: [BP_LatencyLogger_C_1] LATENCY_LOG,Move,0.292,0.315,0.023
LogBlueprintUserMessages: [BP_LatencyLogger_C_1] LATENCY_LOG,Move,0.315,0.335,0.02
LogBlueprintUserMessages: [BP_LatencyLogger_C_1] LATENCY_LOG,Move,0.335,0.354,0.019
LogBlueprintUserMessages: [BP_LatencyLogger_C_1] LATENCY_LOG,Move,0.354,0.374,0.019
LogBlueprintUserMessages: [BP_LatencyLogger_C_1] LATENCY_LOG,Move,0.374,0.394,0.02
LogBlueprintUserMessages: [BP_LatencyLogger_C_1] LATENCY_LOG,Move,0.394,0.412,0.019
LogBlueprintUserMessages: [BP_LatencyLogger_C_1] LATENCY_LOG,Move,0.412,0.433,0.02
LogBlueprintUserMessages: [BP_LatencyLogger_C_1] LATENCY_LOG,Move,0.433,0.453,0.02
LogBlueprintUserMessages: [BP_LatencyLogger_C_1] LATENCY_LOG,Move,0.453,0.473,0.02
LogBlueprintUserMessages: [BP_LatencyLogger_C_1] LATENCY_LOG,Move,0.473,0.495,0.022
LogBlueprintUserMessages: [BP_LatencyLogger_C_1] LATENCY_LOG,Move,0.495,0.512,0.017
LogBlueprintUserMessages: [BP_LatencyLogger_C_1] LATENCY_LOG,Move,0.512,0.532,0.02
LogBlueprintUserMessages: [BP_LatencyLogger_C_1] LATENCY_LOG,Move,0.532,0.555,0.023
LogBlueprintUserMessages: [BP_LatencyLogger_C_1] LATENCY_LOG,Move,0.555,0.579,0.024
LogBlueprintUserMessages: [BP_LatencyLogger_C_1] LATENCY_LOG,Move,0.579,0.6,0.021
LogBlueprintUserMessages: [BP_LatencyLogger_C_1] LATENCY_LOG,Move,0.6,0.62,0.02
LogBlueprintUserMessages: [BP_LatencyLogger_C_1] LATENCY_LOG,Move,0.62,0.643,0.022
LogBlueprintUserMessages: [BP_LatencyLogger_C_1] LATENCY_LOG,Move,0.643,0.665,0.022
LogBlueprintUserMessages: [BP_LatencyLogger_C_1] LATENCY_LOG,Move,0.665,0.686,0.021
LogBlueprintUserMessages: [BP_LatencyLogger_C_1] LATENCY_LOG,Move,0.686,0.708,0.021
LogBlueprintUserMessages: [BP_LatencyLogger_C_1] LATENCY_LOG,Move,0.708,0.73,0.022
LogBlueprintUserMessages: [BP_LatencyLogger_C_1] LATENCY_LOG,Move,0.73,0.753,0.023
LogBlueprintUserMessages: [BP_LatencyLogger_C_1] LATENCY_LOG,Move,0.753,0.773,0.02
LogBlueprintUserMessages: [BP_LatencyLogger_C_1] LATENCY_LOG,Move,0.773,0.793,0.02
LogBlueprintUserMessages: [BP_LatencyLogger_C_1] LATENCY_LOG,Move,0.793,0.815,0.022
LogBlueprintUserMessages: [BP_LatencyLogger_C_1] LATENCY_LOG,Move,0.815,0.835,0.02
LogBlueprintUserMessages: [BP_LatencyLogger_C_1] LATENCY_LOG,Move,0.835,0.02,0.815
LogBlueprintUserMessages: [BP_LatencyLogger_C_1] LATENCY_LOG,Move,0.02,0.037,0.017
LogBlueprintUserMessages: [BP_LatencyLogger_C_1] LATENCY_LOG,Move,0.037,0.056,0.019
LogBlueprintUserMessages: [BP_LatencyLogger_C_1] LATENCY_LOG,Move,0.056,0.073,0.017
LogBlueprintUserMessages: [BP_LatencyLogger_C_1] LATENCY_LOG,Move,0.073,0.09,0.017
LogBlueprintUserMessages: [BP_LatencyLogger_C_1] LATENCY_LOG,Move,0.09,0.112,0.022
LogBlueprintUserMessages: [BP_LatencyLogger_C_1] LATENCY_LOG,Move,0.112,0.136,0.024
LogBlueprintUserMessages: [BP_LatencyLogger_C_1] LATENCY_LOG,Move,0.136,0.155,0.018
LogBlueprintUserMessages: [BP_LatencyLogger_C_1] LATENCY_LOG,Move,0.155,0.175,0.02
LogBlueprintUserMessages: [BP_LatencyLogger_C_1] LATENCY_LOG,Move,0.175,0.192,0.017
LogBlueprintUserMessages: [BP_LatencyLogger_C_1] LATENCY_LOG,Move,0.192,0.21,0.018
LogBlueprintUserMessages: [BP_LatencyLogger_C_1] LATENCY_LOG,Move,0.21,0.022,0.188
LogBlueprintUserMessages: [BP_LatencyLogger_C_1] LATENCY_LOG,Move,0.022,0.039,0.017
LogBlueprintUserMessages: [BP_LatencyLogger_C_1] LATENCY_LOG,Move,0.039,0.059,0.02
LogBlueprintUserMessages: [BP_LatencyLogger_C_1] LATENCY_LOG,Move,0.059,0.076,0.017
LogBlueprintUserMessages: [BP_LatencyLogger_C_1] LATENCY_LOG,Move,0.076,0.095,0.019
LogBlueprintUserMessages: [BP_LatencyLogger_C_1] LATENCY_LOG,Move,0.095,0.112,0.017
LogBlueprintUserMessages: [BP_LatencyLogger_C_1] LATENCY_LOG,Move,0.112,0.13,0.018
LogBlueprintUserMessages: [BP_LatencyLogger_C_1] LATENCY_LOG,Move,0.13,0.15,0.02
LogBlueprintUserMessages: [BP_LatencyLogger_C_1] LATENCY_LOG,Move,0.15,0.168,0.018
LogBlueprintUserMessages: [BP_LatencyLogger_C_1] LATENCY_LOG,Move,0.168,0.188,0.02
LogBlueprintUserMessages: [BP_LatencyLogger_C_1] LATENCY_LOG,Move,0.188,0.211,0.022
LogBlueprintUserMessages: [BP_LatencyLogger_C_1] LATENCY_LOG,Move,0.211,0.231,0.021
LogBlueprintUserMessages: [BP_LatencyLogger_C_1] LATENCY_LOG,Move,0.231,0.251,0.019
LogBlueprintUserMessages: [BP_LatencyLogger_C_1] LATENCY_LOG,Move,0.251,0.272,0.021
LogBlueprintUserMessages: [BP_LatencyLogger_C_1] LATENCY_LOG,Move,0.272,0.29,0.018
LogBlueprintUserMessages: [BP_LatencyLogger_C_1] LATENCY_LOG,Move,0.29,0.307,0.017
LogBlueprintUserMessages: [BP_LatencyLogger_C_1] LATENCY_LOG,Move,0.307,0.328,0.02
LogBlueprintUserMessages: [BP_LatencyLogger_C_1] LATENCY_LOG,Move,0.328,0.348,0.021
LogBlueprintUserMessages: [BP_LatencyLogger_C_1] LATENCY_LOG,Move,0.348,0.365,0.017
LogBlueprintUserMessages: [BP_LatencyLogger_C_1] LATENCY_LOG,Move,0.365,0.384,0.019
LogBlueprintUserMessages: [BP_LatencyLogger_C_1] LATENCY_LOG,Move,0.384,0.404,0.02
LogBlueprintUserMessages: [BP_LatencyLogger_C_1] LATENCY_LOG,Move,0.404,0.423,0.019
LogBlueprintUserMessages: [BP_LatencyLogger_C_1] LATENCY_LOG,Move,0.423,0.443,0.02
LogBlueprintUserMessages: [BP_LatencyLogger_C_1] LATENCY_LOG,Move,0.443,0.464,0.022
LogBlueprintUserMessages: [BP_LatencyLogger_C_1] LATENCY_LOG,Move,0.464,0.492,0.027
LogBlueprintUserMessages: [BP_LatencyLogger_C_1] LATENCY_LOG,Move,0.492,0.512,0.02
LogBlueprintUserMessages: [BP_LatencyLogger_C_1] LATENCY_LOG,Move,0.512,0.534,0.022
LogBlueprintUserMessages: [BP_LatencyLogger_C_1] LATENCY_LOG,Move,0.534,0.052,0.482
LogBlueprintUserMessages: [BP_LatencyLogger_C_1] LATENCY_LOG,Move,0.052,0.068,0.017
LogBlueprintUserMessages: [BP_LatencyLogger_C_1] LATENCY_LOG,Move,0.068,0.085,0.017
LogBlueprintUserMessages: [BP_LatencyLogger_C_1] LATENCY_LOG,Move,0.085,0.102,0.017
LogBlueprintUserMessages: [BP_LatencyLogger_C_1] LATENCY_LOG,Move,0.102,0.118,0.017
LogBlueprintUserMessages: [BP_LatencyLogger_C_1] LATENCY_LOG,Move,0.118,0.135,0.017
LogBlueprintUserMessages: [BP_LatencyLogger_C_1] LATENCY_LOG,Move,0.135,0.161,0.025
LogBlueprintUserMessages: [BP_LatencyLogger_C_1] LATENCY_LOG,Move,0.161,0.183,0.022
LogBlueprintUserMessages: [BP_LatencyLogger_C_1] LATENCY_LOG,Move,0.183,0.203,0.02
LogBlueprintUserMessages: [BP_LatencyLogger_C_1] LATENCY_LOG,Move,0.203,0.227,0.024
LogBlueprintUserMessages: [BP_LatencyLogger_C_1] LATENCY_LOG,Move,0.227,0.247,0.02
LogBlueprintUserMessages: [BP_LatencyLogger_C_1] LATENCY_LOG,Move,0.247,0.27,0.023
LogBlueprintUserMessages: [BP_LatencyLogger_C_1] LATENCY_LOG,Move,0.27,0.29,0.02
LogBlueprintUserMessages: [BP_LatencyLogger_C_1] LATENCY_LOG,Move,0.29,0.31,0.02
LogBlueprintUserMessages: [BP_LatencyLogger_C_1] LATENCY_LOG,Move,0.31,0.02,0.29
LogBlueprintUserMessages: [BP_LatencyLogger_C_1] LATENCY_LOG,Move,0.02,0.039,0.018
LogBlueprintUserMessages: [BP_LatencyLogger_C_1] LATENCY_LOG,Move,0.039,0.057,0.018
LogBlueprintUserMessages: [BP_LatencyLogger_C_1] LATENCY_LOG,Move,0.057,0.079,0.022
LogBlueprintUserMessages: [BP_LatencyLogger_C_1] LATENCY_LOG,Move,0.079,0.098,0.019
LogBlueprintUserMessages: [BP_LatencyLogger_C_1] LATENCY_LOG,Move,0.098,0.121,0.023
LogBlueprintUserMessages: [BP_LatencyLogger_C_1] LATENCY_LOG,Move,0.121,0.14,0.02
LogBlueprintUserMessages: [BP_LatencyLogger_C_1] LATENCY_LOG,Move,0.14,0.159,0.018
LogBlueprintUserMessages: [BP_LatencyLogger_C_1] LATENCY_LOG,Move,0.159,0.177,0.018
LogBlueprintUserMessages: [BP_LatencyLogger_C_1] LATENCY_LOG,Move,0.177,0.198,0.021
LogBlueprintUserMessages: [BP_LatencyLogger_C_1] LATENCY_LOG,Move,0.198,0.216,0.019
LogBlueprintUserMessages: [BP_LatencyLogger_C_1] LATENCY_LOG,Move,0.216,0.238,0.021
LogBlueprintUserMessages: [BP_LatencyLogger_C_1] LATENCY_LOG,Move,0.238,0.257,0.019
LogBlueprintUserMessages: [BP_LatencyLogger_C_1] LATENCY_LOG,Move,0.257,0.277,0.021
LogBlueprintUserMessages: [BP_LatencyLogger_C_1] LATENCY_LOG,Move,0.277,0.02,0.257
LogBlueprintUserMessages: [BP_LatencyLogger_C_1] LATENCY_LOG,Move,0.02,0.042,0.022
LogBlueprintUserMessages: [BP_LatencyLogger_C_1] LATENCY_LOG,Move,0.042,0.064,0.022
LogBlueprintUserMessages: [BP_LatencyLogger_C_1] LATENCY_LOG,Move,0.064,0.082,0.018
LogBlueprintUserMessages: [BP_LatencyLogger_C_1] LATENCY_LOG,Move,0.082,0.099,0.017
LogBlueprintUserMessages: [BP_LatencyLogger_C_1] LATENCY_LOG,Move,0.099,0.119,0.02
LogBlueprintUserMessages: [BP_LatencyLogger_C_1] LATENCY_LOG,Move,0.119,0.136,0.017
LogBlueprintUserMessages: [BP_LatencyLogger_C_1] LATENCY_LOG,Move,0.136,0.156,0.02
LogBlueprintUserMessages: [BP_LatencyLogger_C_1] LATENCY_LOG,Move,0.156,0.179,0.023
LogBlueprintUserMessages: [BP_LatencyLogger_C_1] LATENCY_LOG,Move,0.179,0.198,0.019
LogBlueprintUserMessages: [BP_LatencyLogger_C_1] LATENCY_LOG,Move,0.198,0.216,0.018
LogBlueprintUserMessages: [BP_LatencyLogger_C_1] LATENCY_LOG,Move,0.216,0.233,0.017
LogBlueprintUserMessages: [BP_LatencyLogger_C_1] LATENCY_LOG,Move,0.233,0.252,0.019
LogBlueprintUserMessages: [BP_LatencyLogger_C_1] LATENCY_LOG,Move,0.252,0.269,0.017
LogBlueprintUserMessages: [BP_LatencyLogger_C_1] LATENCY_LOG,Move,0.269,0.287,0.018
LogBlueprintUserMessages: [BP_LatencyLogger_C_1] LATENCY_LOG,Move,0.287,0.305,0.018
LogBlueprintUserMessages: [BP_LatencyLogger_C_1] LATENCY_LOG,Move,0.305,0.324,0.019
LogBlueprintUserMessages: [BP_LatencyLogger_C_1] LATENCY_LOG,Move,0.324,0.342,0.019
LogBlueprintUserMessages: [BP_LatencyLogger_C_1] LATENCY_LOG,Move,0.342,0.36,0.018
LogBlueprintUserMessages: [BP_LatencyLogger_C_1] LATENCY_LOG,Move,0.36,0.378,0.019
LogBlueprintUserMessages: [BP_LatencyLogger_C_1] LATENCY_LOG,Move,0.378,0.397,0.018
LogBlueprintUserMessages: [BP_LatencyLogger_C_1] LATENCY_LOG,Move,0.397,0.414,0.018
LogBlueprintUserMessages: [BP_LatencyLogger_C_1] LATENCY_LOG,Move,0.414,0.431,0.017
LogBlueprintUserMessages: [BP_LatencyLogger_C_1] LATENCY_LOG,Move,0.431,0.451,0.02
LogBlueprintUserMessages: [BP_LatencyLogger_C_1] LATENCY_LOG,Move,0.451,0.47,0.019
LogBlueprintUserMessages: [BP_LatencyLogger_C_1] LATENCY_LOG,Move,0.47,0.486,0.017
LogBlueprintUserMessages: [BP_LatencyLogger_C_1] LATENCY_LOG,Move,0.486,0.503,0.017
LogBlueprintUserMessages: [BP_LatencyLogger_C_1] LATENCY_LOG,Move,0.503,0.523,0.019
LogBlueprintUserMessages: [BP_LatencyLogger_C_1] LATENCY_LOG,Move,0.523,0.018,0.505
LogBlueprintUserMessages: [BP_LatencyLogger_C_1] LATENCY_LOG,Move,0.018,0.037,0.019
LogBlueprintUserMessages: [BP_LatencyLogger_C_1] LATENCY_LOG,Move,0.037,0.054,0.017
LogBlueprintUserMessages: [BP_LatencyLogger_C_1] LATENCY_LOG,Move,0.054,0.071,0.017
LogBlueprintUserMessages: [BP_LatencyLogger_C_1] LATENCY_LOG,Move,0.071,0.088,0.017
LogBlueprintUserMessages: [BP_LatencyLogger_C_1] LATENCY_LOG,Move,0.088,0.106,0.019
LogBlueprintUserMessages: [BP_LatencyLogger_C_1] LATENCY_LOG,Move,0.106,0.125,0.019
LogBlueprintUserMessages: [BP_LatencyLogger_C_1] LATENCY_LOG,Move,0.125,0.142,0.017
LogBlueprintUserMessages: [BP_LatencyLogger_C_1] LATENCY_LOG,Move,0.142,0.159,0.017
LogBlueprintUserMessages: [BP_LatencyLogger_C_1] LATENCY_LOG,Move,0.159,0.177,0.018
LogBlueprintUserMessages: [BP_LatencyLogger_C_1] LATENCY_LOG,Move,0.177,0.195,0.018
LogBlueprintUserMessages: [BP_LatencyLogger_C_1] LATENCY_LOG,Move,0.195,0.212,0.017
LogBlueprintUserMessages: [BP_LatencyLogger_C_1] LATENCY_LOG,Move,0.212,0.232,0.02
LogBlueprintUserMessages: [BP_LatencyLogger_C_1] LATENCY_LOG,Move,0.232,0.021,0.211
LogBlueprintUserMessages: [BP_LatencyLogger_C_1] LATENCY_LOG,Move,0.021,0.038,0.018
LogBlueprintUserMessages: [BP_LatencyLogger_C_1] LATENCY_LOG,Move,0.038,0.059,0.02
LogBlueprintUserMessages: [BP_LatencyLogger_C_1] LATENCY_LOG,Move,0.059,0.076,0.017
LogBlueprintUserMessages: [BP_LatencyLogger_C_1] LATENCY_LOG,Move,0.076,0.096,0.02
LogBlueprintUserMessages: [BP_LatencyLogger_C_1] LATENCY_LOG,Move,0.096,0.113,0.017
LogBlueprintUserMessages: [BP_LatencyLogger_C_1] LATENCY_LOG,Move,0.113,0.132,0.019
LogBlueprintUserMessages: [BP_LatencyLogger_C_1] LATENCY_LOG,Move,0.132,0.149,0.017
LogBlueprintUserMessages: [BP_LatencyLogger_C_1] LATENCY_LOG,Move,0.149,0.167,0.018
LogBlueprintUserMessages: [BP_LatencyLogger_C_1] LATENCY_LOG,Move,0.167,0.185,0.019
LogBlueprintUserMessages: [BP_LatencyLogger_C_1] LATENCY_LOG,Move,0.185,0.203,0.018
LogBlueprintUserMessages: [BP_LatencyLogger_C_1] LATENCY_LOG,Move,0.203,0.221,0.018
LogBlueprintUserMessages: [BP_LatencyLogger_C_1] LATENCY_LOG,Move,0.221,0.24,0.018
LogBlueprintUserMessages: [BP_LatencyLogger_C_1] LATENCY_LOG,Move,0.24,0.261,0.021
LogBlueprintUserMessages: [BP_LatencyLogger_C_1] LATENCY_LOG,Move,0.261,0.278,0.017
LogBlueprintUserMessages: [BP_LatencyLogger_C_1] LATENCY_LOG,Move,0.278,0.294,0.017
LogBlueprintUserMessages: [BP_LatencyLogger_C_1] LATENCY_LOG,Move,0.294,0.017,0.278
LogBlueprintUserMessages: [BP_LatencyLogger_C_1] LATENCY_LOG,Move,0.017,0.033,0.017
LogBlueprintUserMessages: [BP_LatencyLogger_C_1] LATENCY_LOG,Move,0.033,0.05,0.017
LogBlueprintUserMessages: [BP_LatencyLogger_C_1] LATENCY_LOG,Move,0.05,0.067,0.017
LogBlueprintUserMessages: [BP_LatencyLogger_C_1] LATENCY_LOG,Move,0.067,0.083,0.017
LogBlueprintUserMessages: [BP_LatencyLogger_C_1] LATENCY_LOG,Move,0.083,0.1,0.017
LogBlueprintUserMessages: [BP_LatencyLogger_C_1] LATENCY_LOG,Move,0.1,0.117,0.017
LogBlueprintUserMessages: [BP_LatencyLogger_C_1] LATENCY_LOG,Move,0.117,0.134,0.017
LogBlueprintUserMessages: [BP_LatencyLogger_C_1] LATENCY_LOG,Move,0.134,0.15,0.017
LogBlueprintUserMessages: [BP_LatencyLogger_C_1] LATENCY_LOG,Move,0.15,0.167,0.017
LogBlueprintUserMessages: [BP_LatencyLogger_C_1] LATENCY_LOG,Move,0.167,0.184,0.017
LogBlueprintUserMessages: [BP_LatencyLogger_C_1] LATENCY_LOG,Move,0.184,0.2,0.017
LogBlueprintUserMessages: [BP_LatencyLogger_C_1] LATENCY_LOG,Move,0.2,0.217,0.017
LogBlueprintUserMessages: [BP_LatencyLogger_C_1] LATENCY_LOG,Move,0.217,0.017,0.2
LogBlueprintUserMessages: [BP_LatencyLogger_C_1] LATENCY_LOG,Move,0.017,0.033,0.017
LogBlueprintUserMessages: [BP_LatencyLogger_C_1] LATENCY_LOG,Move,0.033,0.05,0.017
LogBlueprintUserMessages: [BP_LatencyLogger_C_1] LATENCY_LOG,Move,0.05,0.067,0.017
LogBlueprintUserMessages: [BP_LatencyLogger_C_1] LATENCY_LOG,Move,0.067,0.083,0.017
LogBlueprintUserMessages: [BP_LatencyLogger_C_1] LATENCY_LOG,Move,0.083,0.1,0.017
LogBlueprintUserMessages: [BP_LatencyLogger_C_1] LATENCY_LOG,Move,0.1,0.117,0.017
LogBlueprintUserMessages: [BP_LatencyLogger_C_1] LATENCY_LOG,Move,0.117,0.133,0.017
LogBlueprintUserMessages: [BP_LatencyLogger_C_1] LATENCY_LOG,Move,0.133,0.15,0.017
LogBlueprintUserMessages: [BP_LatencyLogger_C_1] LATENCY_LOG,Move,0.15,0.167,0.017
LogBlueprintUserMessages: [BP_LatencyLogger_C_1] LATENCY_LOG,Move,0.167,0.183,0.017
LogBlueprintUserMessages: [BP_LatencyLogger_C_1] LATENCY_LOG,Move,0.183,0.2,0.017
LogBlueprintUserMessages: [BP_LatencyLogger_C_1] LATENCY_LOG,Move,0.2,0.217,0.017
LogBlueprintUserMessages: [BP_LatencyLogger_C_1] LATENCY_LOG,Move,0.217,0.233,0.017
LogBlueprintUserMessages: [BP_LatencyLogger_C_1] LATENCY_LOG,Move,0.233,0.017,0.217
LogBlueprintUserMessages: [BP_LatencyLogger_C_1] LATENCY_LOG,Move,0.017,0.033,0.017
LogBlueprintUserMessages: [BP_LatencyLogger_C_1] LATENCY_LOG,Move,0.033,0.05,0.017
LogBlueprintUserMessages: [BP_LatencyLogger_C_1] LATENCY_LOG,Move,0.05,0.067,0.017
LogBlueprintUserMessages: [BP_LatencyLogger_C_1] LATENCY_LOG,Move,0.067,0.083,0.017
LogBlueprintUserMessages: [BP_LatencyLogger_C_1] LATENCY_LOG,Move,0.083,0.1,0.017
LogBlueprintUserMessages: [BP_LatencyLogger_C_1] LATENCY_LOG,Move,0.1,0.117,0.017
LogBlueprintUserMessages: [BP_LatencyLogger_C_1] LATENCY_LOG,Move,0.117,0.133,0.017
LogBlueprintUserMessages: [BP_LatencyLogger_C_1] LATENCY_LOG,Move,0.133,0.15,0.017
LogBlueprintUserMessages: [BP_LatencyLogger_C_1] LATENCY_LOG,Move,0.15,0.167,0.017
LogBlueprintUserMessages: [BP_LatencyLogger_C_1] LATENCY_LOG,Move,0.167,0.183,0.017
LogBlueprintUserMessages: [BP_LatencyLogger_C_1] LATENCY_LOG,Move,0.183,0.2,0.017
LogBlueprintUserMessages: [BP_LatencyLogger_C_1] LATENCY_LOG,Move,0.2,0.217,0.017
LogBlueprintUserMessages: [BP_LatencyLogger_C_1] LATENCY_LOG,Move,0.217,0.233,0.017
LogBlueprintUserMessages: [BP_LatencyLogger_C_1] LATENCY_LOG,Move,0.233,0.017,0.217
LogBlueprintUserMessages: [BP_LatencyLogger_C_1] LATENCY_LOG,Move,0.017,0.033,0.017
LogBlueprintUserMessages: [BP_LatencyLogger_C_1] LATENCY_LOG,Move,0.033,0.05,0.017
LogBlueprintUserMessages: [BP_LatencyLogger_C_1] LATENCY_LOG,Move,0.05,0.067,0.017
LogBlueprintUserMessages: [BP_LatencyLogger_C_1] LATENCY_LOG,Move,0.067,0.083,0.017
LogBlueprintUserMessages: [BP_LatencyLogger_C_1] LATENCY_LOG,Move,0.083,0.1,0.017
LogBlueprintUserMessages: [BP_LatencyLogger_C_1] LATENCY_LOG,Move,0.1,0.117,0.017
LogBlueprintUserMessages: [BP_LatencyLogger_C_1] LATENCY_LOG,Move,0.117,0.133,0.017
LogBlueprintUserMessages: [BP_LatencyLogger_C_1] LATENCY_LOG,Move,0.133,0.15,0.017
LogBlueprintUserMessages: [BP_LatencyLogger_C_1] LATENCY_LOG,Move,0.15,0.167,0.017
LogBlueprintUserMessages: [BP_LatencyLogger_C_1] LATENCY_LOG,Move,0.167,0.183,0.017
LogBlueprintUserMessages: [BP_LatencyLogger_C_1] LATENCY_LOG,Move,0.183,0.2,0.017
LogBlueprintUserMessages: [BP_LatencyLogger_C_1] LATENCY_LOG,Move,0.2,0.217,0.017
LogBlueprintUserMessages: [BP_LatencyLogger_C_1] LATENCY_LOG,Move,0.217,0.233,0.017
LogBlueprintUserMessages: [BP_LatencyLogger_C_1] LATENCY_LOG,Move,0.233,0.25,0.017
LogBlueprintUserMessages: [BP_LatencyLogger_C_1] LATENCY_LOG,Move,0.25,0.267,0.017
LogBlueprintUserMessages: [BP_LatencyLogger_C_1] LATENCY_LOG,Move,0.267,0.283,0.017
LogBlueprintUserMessages: [BP_LatencyLogger_C_1] LATENCY_LOG,Move,0.283,0.3,0.017
LogBlueprintUserMessages: [BP_LatencyLogger_C_1] LATENCY_LOG,Move,0.3,0.317,0.017
LogBlueprintUserMessages: [BP_LatencyLogger_C_1] LATENCY_LOG,Move,0.317,0.333,0.017
LogBlueprintUserMessages: [BP_LatencyLogger_C_1] LATENCY_LOG,Move,0.333,0.35,0.017
LogBlueprintUserMessages: [BP_LatencyLogger_C_1] LATENCY_LOG,Move,0.35,0.367,0.017
LogBlueprintUserMessages: [BP_LatencyLogger_C_1] LATENCY_LOG,Move,0.367,0.383,0.017
LogBlueprintUserMessages: [BP_LatencyLogger_C_1] LATENCY_LOG,Move,0.383,0.4,0.017
LogBlueprintUserMessages: [BP_LatencyLogger_C_1] LATENCY_LOG,Move,0.4,0.417,0.017
LogBlueprintUserMessages: [BP_LatencyLogger_C_1] LATENCY_LOG,Move,0.417,0.433,0.017
LogBlueprintUserMessages: [BP_LatencyLogger_C_1] LATENCY_LOG,Move,0.433,0.45,0.017
LogBlueprintUserMessages: [BP_LatencyLogger_C_1] LATENCY_LOG,Move,0.45,0.467,0.017
LogBlueprintUserMessages: [BP_LatencyLogger_C_1] LATENCY_LOG,Move,0.467,0.484,0.017
LogBlueprintUserMessages: [BP_LatencyLogger_C_1] LATENCY_LOG,Move,0.484,0.501,0.017
LogBlueprintUserMessages: [BP_LatencyLogger_C_1] LATENCY_LOG,Move,0.501,0.517,0.017
LogBlueprintUserMessages: [BP_LatencyLogger_C_1] LATENCY_LOG,Move,0.517,0.534,0.017
LogBlueprintUserMessages: [BP_LatencyLogger_C_1] LATENCY_LOG,Move,0.534,0.017,0.517
LogBlueprintUserMessages: [BP_LatencyLogger_C_1] LATENCY_LOG,Move,0.017,0.033,0.017
LogBlueprintUserMessages: [BP_LatencyLogger_C_1] LATENCY_LOG,Move,0.033,0.05,0.017
LogBlueprintUserMessages: [BP_LatencyLogger_C_1] LATENCY_LOG,Move,0.05,0.067,0.017
LogBlueprintUserMessages: [BP_LatencyLogger_C_1] LATENCY_LOG,Move,0.067,0.084,0.017
LogBlueprintUserMessages: [BP_LatencyLogger_C_1] LATENCY_LOG,Move,0.084,0.1,0.017
LogBlueprintUserMessages: [BP_LatencyLogger_C_1] LATENCY_LOG,Move,0.1,0.117,0.017
LogBlueprintUserMessages: [BP_LatencyLogger_C_1] LATENCY_LOG,Move,0.117,0.134,0.017
LogBlueprintUserMessages: [BP_LatencyLogger_C_1] LATENCY_LOG,Move,0.134,0.15,0.017
LogBlueprintUserMessages: [BP_LatencyLogger_C_1] LATENCY_LOG,Move,0.15,0.167,0.017
LogBlueprintUserMessages: [BP_LatencyLogger_C_1] LATENCY_LOG,Move,0.167,0.184,0.017
LogBlueprintUserMessages: [BP_LatencyLogger_C_1] LATENCY_LOG,Move,0.184,0.201,0.017
LogBlueprintUserMessages: [BP_LatencyLogger_C_1] LATENCY_LOG,Move,0.201,0.217,0.017
LogBlueprintUserMessages: [BP_LatencyLogger_C_1] LATENCY_LOG,Move,0.217,0.234,0.017
LogBlueprintUserMessages: [BP_LatencyLogger_C_1] LATENCY_LOG,Move,0.234,0.251,0.017
LogBlueprintUserMessages: [BP_LatencyLogger_C_1] LATENCY_LOG,Move,0.251,0.017,0.234
LogBlueprintUserMessages: [BP_LatencyLogger_C_1] LATENCY_LOG,Move,0.017,0.033,0.017
LogBlueprintUserMessages: [BP_LatencyLogger_C_1] LATENCY_LOG,Move,0.033,0.05,0.017
LogBlueprintUserMessages: [BP_LatencyLogger_C_1] LATENCY_LOG,Move,0.05,0.067,0.017
LogBlueprintUserMessages: [BP_LatencyLogger_C_1] LATENCY_LOG,Move,0.067,0.085,0.018
LogBlueprintUserMessages: [BP_LatencyLogger_C_1] LATENCY_LOG,Move,0.085,0.105,0.02
LogBlueprintUserMessages: [BP_LatencyLogger_C_1] LATENCY_LOG,Move,0.105,0.124,0.02
LogBlueprintUserMessages: [BP_LatencyLogger_C_1] LATENCY_LOG,Move,0.124,0.143,0.019
LogBlueprintUserMessages: [BP_LatencyLogger_C_1] LATENCY_LOG,Move,0.143,0.163,0.02
LogBlueprintUserMessages: [BP_LatencyLogger_C_1] LATENCY_LOG,Move,0.163,0.181,0.018
LogBlueprintUserMessages: [BP_LatencyLogger_C_1] LATENCY_LOG,Move,0.181,0.199,0.018
LogBlueprintUserMessages: [BP_LatencyLogger_C_1] LATENCY_LOG,Move,0.199,0.219,0.02
LogBlueprintUserMessages: [BP_LatencyLogger_C_1] LATENCY_LOG,Move,0.219,0.237,0.018
LogBlueprintUserMessages: [BP_LatencyLogger_C_1] LATENCY_LOG,Move,0.237,0.257,0.02
LogBlueprintUserMessages: [BP_LatencyLogger_C_1] LATENCY_LOG,Move,0.257,0.276,0.019
LogBlueprintUserMessages: [BP_LatencyLogger_C_1] LATENCY_LOG,Move,0.276,0.295,0.019
LogBlueprintUserMessages: [BP_LatencyLogger_C_1] LATENCY_LOG,Move,0.295,0.316,0.021
LogBlueprintUserMessages: [BP_LatencyLogger_C_1] LATENCY_LOG,Move,0.316,0.333,0.017
LogBlueprintUserMessages: [BP_LatencyLogger_C_1] LATENCY_LOG,Move,0.333,0.355,0.022
LogBlueprintUserMessages: [BP_LatencyLogger_C_1] LATENCY_LOG,Move,0.355,0.375,0.02
LogBlueprintUserMessages: [BP_LatencyLogger_C_1] LATENCY_LOG,Move,0.375,0.394,0.019
LogBlueprintUserMessages: [BP_LatencyLogger_C_1] LATENCY_LOG,Move,0.394,0.411,0.017
LogBlueprintUserMessages: [BP_LatencyLogger_C_1] LATENCY_LOG,Move,0.411,0.432,0.021
LogBlueprintUserMessages: [BP_LatencyLogger_C_1] LATENCY_LOG,Move,0.432,0.449,0.017
LogBlueprintUserMessages: [BP_LatencyLogger_C_1] LATENCY_LOG,Move,0.449,0.466,0.017
LogBlueprintUserMessages: [BP_LatencyLogger_C_1] LATENCY_LOG,Move,0.466,0.018,0.447
LogBlueprintUserMessages: [BP_LatencyLogger_C_1] LATENCY_LOG,Move,0.018,0.042,0.023
LogBlueprintUserMessages: [BP_LatencyLogger_C_1] LATENCY_LOG,Move,0.042,0.062,0.021
LogBlueprintUserMessages: [BP_LatencyLogger_C_1] LATENCY_LOG,Move,0.062,0.082,0.019
LogBlueprintUserMessages: [BP_LatencyLogger_C_1] LATENCY_LOG,Move,0.082,0.098,0.017
LogBlueprintUserMessages: [BP_LatencyLogger_C_1] LATENCY_LOG,Move,0.098,0.117,0.019
LogBlueprintUserMessages: [BP_LatencyLogger_C_1] LATENCY_LOG,Move,0.117,0.135,0.017
LogBlueprintUserMessages: [BP_LatencyLogger_C_1] LATENCY_LOG,Move,0.135,0.152,0.017
LogBlueprintUserMessages: [BP_LatencyLogger_C_1] LATENCY_LOG,Move,0.152,0.169,0.017
LogBlueprintUserMessages: [BP_LatencyLogger_C_1] LATENCY_LOG,Move,0.169,0.186,0.018
LogBlueprintUserMessages: [BP_LatencyLogger_C_1] LATENCY_LOG,Move,0.186,0.203,0.017
LogBlueprintUserMessages: [BP_LatencyLogger_C_1] LATENCY_LOG,Move,0.203,0.22,0.017
LogBlueprintUserMessages: [BP_LatencyLogger_C_1] LATENCY_LOG,Move,0.22,0.236,0.017
LogBlueprintUserMessages: [BP_LatencyLogger_C_1] LATENCY_LOG,Move,0.236,0.253,0.017
LogBlueprintUserMessages: [BP_LatencyLogger_C_1] LATENCY_LOG,Move,0.253,0.27,0.017
LogBlueprintUserMessages: [BP_LatencyLogger_C_1] LATENCY_LOG,Move,0.27,0.286,0.017
LogBlueprintUserMessages: [BP_LatencyLogger_C_1] LATENCY_LOG,Move,0.286,0.303,0.017
LogBlueprintUserMessages: [BP_LatencyLogger_C_1] LATENCY_LOG,Move,0.303,0.32,0.017
LogBlueprintUserMessages: [BP_LatencyLogger_C_1] LATENCY_LOG,Move,0.32,0.336,0.017
LogBlueprintUserMessages: [BP_LatencyLogger_C_1] LATENCY_LOG,Move,0.336,0.353,0.017
LogBlueprintUserMessages: [BP_LatencyLogger_C_1] LATENCY_LOG,Move,0.353,0.37,0.017
LogBlueprintUserMessages: [BP_LatencyLogger_C_1] LATENCY_LOG,Move,0.37,0.386,0.017
LogBlueprintUserMessages: [BP_LatencyLogger_C_1] LATENCY_LOG,Move,0.386,0.403,0.017
LogBlueprintUserMessages: [BP_LatencyLogger_C_1] LATENCY_LOG,Move,0.403,0.42,0.017
LogBlueprintUserMessages: [BP_LatencyLogger_C_1] LATENCY_LOG,Move,0.42,0.436,0.017
LogBlueprintUserMessages: [BP_LatencyLogger_C_1] LATENCY_LOG,Move,0.436,0.453,0.017
LogBlueprintUserMessages: [BP_LatencyLogger_C_1] LATENCY_LOG,Move,0.453,0.47,0.017
LogBlueprintUserMessages: [BP_LatencyLogger_C_1] LATENCY_LOG,Move,0.47,0.487,0.017
LogBlueprintUserMessages: [BP_LatencyLogger_C_1] LATENCY_LOG,Move,0.487,0.503,0.017
LogBlueprintUserMessages: [BP_LatencyLogger_C_1] LATENCY_LOG,Move,0.503,0.52,0.017
LogBlueprintUserMessages: [BP_LatencyLogger_C_1] LATENCY_LOG,Move,0.52,0.537,0.017
LogBlueprintUserMessages: [BP_LatencyLogger_C_1] LATENCY_LOG,Move,0.537,0.553,0.017
LogBlueprintUserMessages: [BP_LatencyLogger_C_1] LATENCY_LOG,Move,0.553,0.57,0.017
LogBlueprintUserMessages: [BP_LatencyLogger_C_1] LATENCY_LOG,Move,0.57,0.587,0.017
LogBlueprintUserMessages: [BP_LatencyLogger_C_1] LATENCY_LOG,Move,0.587,0.603,0.017
LogBlueprintUserMessages: [BP_LatencyLogger_C_1] LATENCY_LOG,Move,0.603,0.62,0.017
LogBlueprintUserMessages: [BP_LatencyLogger_C_1] LATENCY_LOG,Move,0.62,0.637,0.017
LogBlueprintUserMessages: [BP_LatencyLogger_C_1] LATENCY_LOG,Move,0.637,0.653,0.017
LogBlueprintUserMessages: [BP_LatencyLogger_C_1] LATENCY_LOG,Move,0.653,0.67,0.017
LogBlueprintUserMessages: [BP_LatencyLogger_C_1] LATENCY_LOG,Move,0.67,0.687,0.017
LogBlueprintUserMessages: [BP_LatencyLogger_C_1] LATENCY_LOG,Move,0.687,0.703,0.017
LogBlueprintUserMessages: [BP_LatencyLogger_C_1] LATENCY_LOG,Move,0.703,0.72,0.017
LogBlueprintUserMessages: [BP_LatencyLogger_C_1] LATENCY_LOG,Move,0.72,0.737,0.017
LogBlueprintUserMessages: [BP_LatencyLogger_C_1] LATENCY_LOG,Move,0.737,0.753,0.017
LogBlueprintUserMessages: [BP_LatencyLogger_C_1] LATENCY_LOG,Move,0.753,0.77,0.017
LogBlueprintUserMessages: [BP_LatencyLogger_C_1] LATENCY_LOG,Move,0.77,0.787,0.017
LogBlueprintUserMessages: [BP_LatencyLogger_C_1] LATENCY_LOG,Move,0.787,0.803,0.017
LogBlueprintUserMessages: [BP_LatencyLogger_C_1] LATENCY_LOG,Move,0.803,0.82,0.017
LogBlueprintUserMessages: [BP_LatencyLogger_C_1] LATENCY_LOG,Move,0.82,0.837,0.017
LogBlueprintUserMessages: [BP_LatencyLogger_C_1] LATENCY_LOG,Move,0.837,0.853,0.017
LogBlueprintUserMessages: [BP_LatencyLogger_C_1] LATENCY_LOG,Move,0.853,0.87,0.017
LogBlueprintUserMessages: [BP_LatencyLogger_C_1] LATENCY_LOG,Move,0.87,0.887,0.017
LogBlueprintUserMessages: [BP_LatencyLogger_C_1] LATENCY_LOG,Move,0.887,0.903,0.017
LogBlueprintUserMessages: [BP_LatencyLogger_C_1] LATENCY_LOG,Move,0.903,0.92,0.017
LogBlueprintUserMessages: [BP_LatencyLogger_C_1] LATENCY_LOG,Move,0.92,0.937,0.017
LogBlueprintUserMessages: [BP_LatencyLogger_C_1] LATENCY_LOG,Move,0.937,0.953,0.017
LogBlueprintUserMessages: [BP_LatencyLogger_C_1] LATENCY_LOG,Move,0.953,0.97,0.017
LogBlueprintUserMessages: [BP_LatencyLogger_C_1] LATENCY_LOG,Move,0.97,0.987,0.017
LogBlueprintUserMessages: [BP_LatencyLogger_C_1] LATENCY_LOG,Move,0.987,1.003,0.017
LogBlueprintUserMessages: [BP_LatencyLogger_C_1] LATENCY_LOG,Move,1.003,1.02,0.017
LogBlueprintUserMessages: [BP_LatencyLogger_C_1] LATENCY_LOG,Move,1.02,1.037,0.017
LogBlueprintUserMessages: [BP_LatencyLogger_C_1] LATENCY_LOG,Move,1.037,1.054,0.017
LogBlueprintUserMessages: [BP_LatencyLogger_C_1] LATENCY_LOG,Move,1.054,1.07,0.017
LogBlueprintUserMessages: [BP_LatencyLogger_C_1] LATENCY_LOG,Move,1.07,1.087,0.017
LogBlueprintUserMessages: [BP_LatencyLogger_C_1] LATENCY_LOG,Move,1.087,0.017,1.07
LogBlueprintUserMessages: [BP_LatencyLogger_C_1] LATENCY_LOG,Move,0.017,0.033,0.017
LogBlueprintUserMessages: [BP_LatencyLogger_C_1] LATENCY_LOG,Move,0.033,0.051,0.018
LogBlueprintUserMessages: [BP_LatencyLogger_C_1] LATENCY_LOG,Move,0.051,0.068,0.017
LogBlueprintUserMessages: [BP_LatencyLogger_C_1] LATENCY_LOG,Move,0.068,0.088,0.02
LogBlueprintUserMessages: [BP_LatencyLogger_C_1] LATENCY_LOG,Move,0.088,0.105,0.017
LogBlueprintUserMessages: [BP_LatencyLogger_C_1] LATENCY_LOG,Move,0.105,0.123,0.019
LogBlueprintUserMessages: [BP_LatencyLogger_C_1] LATENCY_LOG,Move,0.123,0.14,0.017
LogBlueprintUserMessages: [BP_LatencyLogger_C_1] LATENCY_LOG,Move,0.14,0.158,0.018
LogBlueprintUserMessages: [BP_LatencyLogger_C_1] LATENCY_LOG,Move,0.158,0.175,0.017
LogBlueprintUserMessages: [BP_LatencyLogger_C_1] LATENCY_LOG,Move,0.175,0.192,0.017
LogBlueprintUserMessages: [BP_LatencyLogger_C_1] LATENCY_LOG,Move,0.192,0.209,0.017
LogBlueprintUserMessages: [BP_LatencyLogger_C_1] LATENCY_LOG,Move,0.209,0.227,0.018
LogBlueprintUserMessages: [BP_LatencyLogger_C_1] LATENCY_LOG,Move,0.227,0.244,0.017
LogBlueprintUserMessages: [BP_LatencyLogger_C_1] LATENCY_LOG,Move,0.244,0.017,0.227
LogBlueprintUserMessages: [BP_LatencyLogger_C_1] LATENCY_LOG,Move,0.017,0.033,0.017
LogBlueprintUserMessages: [BP_LatencyLogger_C_1] LATENCY_LOG,Move,0.033,0.05,0.017
LogBlueprintUserMessages: [BP_LatencyLogger_C_1] LATENCY_LOG,Move,0.05,0.067,0.017
LogBlueprintUserMessages: [BP_LatencyLogger_C_1] LATENCY_LOG,Move,0.067,0.083,0.017
LogBlueprintUserMessages: [BP_LatencyLogger_C_1] LATENCY_LOG,Move,0.083,0.1,0.017
LogBlueprintUserMessages: [BP_LatencyLogger_C_1] LATENCY_LOG,Move,0.1,0.117,0.017
LogBlueprintUserMessages: [BP_LatencyLogger_C_1] LATENCY_LOG,Move,0.117,0.133,0.017
LogBlueprintUserMessages: [BP_LatencyLogger_C_1] LATENCY_LOG,Move,0.133,0.15,0.017
LogBlueprintUserMessages: [BP_LatencyLogger_C_1] LATENCY_LOG,Move,0.15,0.167,0.017
LogBlueprintUserMessages: [BP_LatencyLogger_C_1] LATENCY_LOG,Move,0.167,0.183,0.017
LogBlueprintUserMessages: [BP_LatencyLogger_C_1] LATENCY_LOG,Move,0.183,0.2,0.017
LogBlueprintUserMessages: [BP_LatencyLogger_C_1] LATENCY_LOG,Move,0.2,0.217,0.017
LogBlueprintUserMessages: [BP_LatencyLogger_C_1] LATENCY_LOG,Move,0.217,0.233,0.017
LogBlueprintUserMessages: [BP_LatencyLogger_C_1] LATENCY_LOG,Move,0.233,0.25,0.017
LogBlueprintUserMessages: [BP_LatencyLogger_C_1] LATENCY_LOG,Move,0.25,0.017,0.233
LogBlueprintUserMessages: [BP_LatencyLogger_C_1] LATENCY_LOG,Move,0.017,0.033,0.017
LogBlueprintUserMessages: [BP_LatencyLogger_C_1] LATENCY_LOG,Move,0.033,0.05,0.017
LogBlueprintUserMessages: [BP_LatencyLogger_C_1] LATENCY_LOG,Move,0.05,0.067,0.017
LogBlueprintUserMessages: [BP_LatencyLogger_C_1] LATENCY_LOG,Move,0.067,0.083,0.017
LogBlueprintUserMessages: [BP_LatencyLogger_C_1] LATENCY_LOG,Move,0.083,0.1,0.017
LogBlueprintUserMessages: [BP_LatencyLogger_C_1] LATENCY_LOG,Move,0.1,0.117,0.017
LogBlueprintUserMessages: [BP_LatencyLogger_C_1] LATENCY_LOG,Move,0.117,0.133,0.017
LogBlueprintUserMessages: [BP_LatencyLogger_C_1] LATENCY_LOG,Move,0.133,0.151,0.018
LogBlueprintUserMessages: [BP_LatencyLogger_C_1] LATENCY_LOG,Move,0.151,0.168,0.017
LogBlueprintUserMessages: [BP_LatencyLogger_C_1] LATENCY_LOG,Move,0.168,0.184,0.017
LogBlueprintUserMessages: [BP_LatencyLogger_C_1] LATENCY_LOG,Move,0.184,0.201,0.017
LogBlueprintUserMessages: [BP_LatencyLogger_C_1] LATENCY_LOG,Move,0.201,0.218,0.017
LogBlueprintUserMessages: [BP_LatencyLogger_C_1] LATENCY_LOG,Move,0.218,0.234,0.017
LogBlueprintUserMessages: [BP_LatencyLogger_C_1] LATENCY_LOG,Move,0.234,0.251,0.017
LogBlueprintUserMessages: [BP_LatencyLogger_C_1] LATENCY_LOG,Move,0.251,0.268,0.017
LogBlueprintUserMessages: [BP_LatencyLogger_C_1] LATENCY_LOG,Move,0.268,0.285,0.017
LogBlueprintUserMessages: [BP_LatencyLogger_C_1] LATENCY_LOG,Move,0.285,0.301,0.017
LogBlueprintUserMessages: [BP_LatencyLogger_C_1] LATENCY_LOG,Move,0.301,0.318,0.017
LogBlueprintUserMessages: [BP_LatencyLogger_C_1] LATENCY_LOG,Move,0.318,0.335,0.017
LogBlueprintUserMessages: [BP_LatencyLogger_C_1] LATENCY_LOG,Move,0.335,0.351,0.017
LogBlueprintUserMessages: [BP_LatencyLogger_C_1] LATENCY_LOG,Move,0.351,0.368,0.017
LogBlueprintUserMessages: [BP_LatencyLogger_C_1] LATENCY_LOG,Move,0.368,0.385,0.017
LogBlueprintUserMessages: [BP_LatencyLogger_C_1] LATENCY_LOG,Move,0.385,0.402,0.017
LogBlueprintUserMessages: [BP_LatencyLogger_C_1] LATENCY_LOG,Move,0.402,0.418,0.017
LogBlueprintUserMessages: [BP_LatencyLogger_C_1] LATENCY_LOG,Move,0.418,0.435,0.017
LogBlueprintUserMessages: [BP_LatencyLogger_C_1] LATENCY_LOG,Move,0.435,0.555,0.12
LogBlueprintUserMessages: [BP_LatencyLogger_C_1] LATENCY_LOG,Move,0.555,0.572,0.017
LogBlueprintUserMessages: [BP_LatencyLogger_C_1] LATENCY_LOG,Move,0.572,0.589,0.017
LogBlueprintUserMessages: [BP_LatencyLogger_C_1] LATENCY_LOG,Move,0.589,0.606,0.017
LogBlueprintUserMessages: [BP_LatencyLogger_C_1] LATENCY_LOG,Move,0.606,0.623,0.017
LogBlueprintUserMessages: [BP_LatencyLogger_C_1] LATENCY_LOG,Move,0.623,0.639,0.017
LogBlueprintUserMessages: [BP_LatencyLogger_C_1] LATENCY_LOG,Move,0.639,0.657,0.018
LogBlueprintUserMessages: [BP_LatencyLogger_C_1] LATENCY_LOG,Move,0.657,0.674,0.017
LogBlueprintUserMessages: [BP_LatencyLogger_C_1] LATENCY_LOG,Move,0.674,0.691,0.017
LogBlueprintUserMessages: [BP_LatencyLogger_C_1] LATENCY_LOG,Move,0.691,0.707,0.017
LogBlueprintUserMessages: [BP_LatencyLogger_C_1] LATENCY_LOG,Move,0.707,0.724,0.017
LogBlueprintUserMessages: [BP_LatencyLogger_C_1] LATENCY_LOG,Move,0.724,0.741,0.017
LogBlueprintUserMessages: [BP_LatencyLogger_C_1] LATENCY_LOG,Move,0.741,0.758,0.018
LogBlueprintUserMessages: [BP_LatencyLogger_C_1] LATENCY_LOG,Move,0.758,0.777,0.019
LogBlueprintUserMessages: [BP_LatencyLogger_C_1] LATENCY_LOG,Move,0.777,0.794,0.017
LogBlueprintUserMessages: [BP_LatencyLogger_C_1] LATENCY_LOG,Move,0.794,0.811,0.017
LogBlueprintUserMessages: [BP_LatencyLogger_C_1] LATENCY_LOG,Move,0.811,0.827,0.017
LogBlueprintUserMessages: [BP_LatencyLogger_C_1] LATENCY_LOG,Move,0.827,0.844,0.017
LogBlueprintUserMessages: [BP_LatencyLogger_C_1] LATENCY_LOG,Move,0.844,0.861,0.017
LogBlueprintUserMessages: [BP_LatencyLogger_C_1] LATENCY_LOG,Move,0.861,0.877,0.017
LogBlueprintUserMessages: [BP_LatencyLogger_C_1] LATENCY_LOG,Move,0.877,0.894,0.017
LogBlueprintUserMessages: [BP_LatencyLogger_C_1] LATENCY_LOG,Move,0.894,0.911,0.017
LogBlueprintUserMessages: [BP_LatencyLogger_C_1] LATENCY_LOG,Move,0.911,0.927,0.017
LogBlueprintUserMessages: [BP_LatencyLogger_C_1] LATENCY_LOG,Move,0.927,0.944,0.017
LogBlueprintUserMessages: [BP_LatencyLogger_C_1] LATENCY_LOG,Move,0.944,0.961,0.017
LogBlueprintUserMessages: [BP_LatencyLogger_C_1] LATENCY_LOG,Move,0.961,0.977,0.017
LogBlueprintUserMessages: [BP_LatencyLogger_C_1] LATENCY_LOG,Move,0.977,0.994,0.017
LogBlueprintUserMessages: [BP_LatencyLogger_C_1] LATENCY_LOG,Move,0.994,1.011,0.017
LogBlueprintUserMessages: [BP_LatencyLogger_C_1] LATENCY_LOG,Move,1.011,1.028,0.017
LogBlueprintUserMessages: [BP_LatencyLogger_C_1] LATENCY_LOG,Move,1.028,1.044,0.017
LogBlueprintUserMessages: [BP_LatencyLogger_C_1] LATENCY_LOG,Move,1.044,0.017,1.028
LogBlueprintUserMessages: [BP_LatencyLogger_C_1] LATENCY_LOG,Move,0.017,0.033,0.017
LogBlueprintUserMessages: [BP_LatencyLogger_C_1] LATENCY_LOG,Move,0.033,0.05,0.017
LogBlueprintUserMessages: [BP_LatencyLogger_C_1] LATENCY_LOG,Move,0.05,0.067,0.017
LogBlueprintUserMessages: [BP_LatencyLogger_C_1] LATENCY_LOG,Move,0.067,0.083,0.017
LogBlueprintUserMessages: [BP_LatencyLogger_C_1] LATENCY_LOG,Move,0.083,0.1,0.017
LogBlueprintUserMessages: [BP_LatencyLogger_C_1] LATENCY_LOG,Move,0.1,0.117,0.017
LogBlueprintUserMessages: [BP_LatencyLogger_C_1] LATENCY_LOG,Move,0.117,0.133,0.017
LogBlueprintUserMessages: [BP_LatencyLogger_C_1] LATENCY_LOG,Move,0.133,0.15,0.017
LogBlueprintUserMessages: [BP_LatencyLogger_C_1] LATENCY_LOG,Move,0.15,0.167,0.017
LogBlueprintUserMessages: [BP_LatencyLogger_C_1] LATENCY_LOG,Move,0.167,0.183,0.017
LogBlueprintUserMessages: [BP_LatencyLogger_C_1] LATENCY_LOG,Move,0.183,0.2,0.017
LogBlueprintUserMessages: [BP_LatencyLogger_C_1] LATENCY_LOG,Move,0.2,0.217,0.017
LogBlueprintUserMessages: [BP_LatencyLogger_C_1] LATENCY_LOG,Move,0.217,0.233,0.017
LogBlueprintUserMessages: [BP_LatencyLogger_C_1] LATENCY_LOG,Move,0.233,0.25,0.017
LogBlueprintUserMessages: [BP_LatencyLogger_C_1] LATENCY_LOG,Move,0.25,0.017,0.233
LogBlueprintUserMessages: [BP_LatencyLogger_C_1] LATENCY_LOG,Move,0.017,0.033,0.017
LogBlueprintUserMessages: [BP_LatencyLogger_C_1] LATENCY_LOG,Move,0.033,0.05,0.017
LogBlueprintUserMessages: [BP_LatencyLogger_C_1] LATENCY_LOG,Move,0.05,0.067,0.017
LogBlueprintUserMessages: [BP_LatencyLogger_C_1] LATENCY_LOG,Move,0.067,0.083,0.017
LogBlueprintUserMessages: [BP_LatencyLogger_C_1] LATENCY_LOG,Move,0.083,0.1,0.017
LogBlueprintUserMessages: [BP_LatencyLogger_C_1] LATENCY_LOG,Move,0.1,0.117,0.017
LogBlueprintUserMessages: [BP_LatencyLogger_C_1] LATENCY_LOG,Move,0.117,0.133,0.017
LogBlueprintUserMessages: [BP_LatencyLogger_C_1] LATENCY_LOG,Move,0.133,0.15,0.017
LogBlueprintUserMessages: [BP_LatencyLogger_C_1] LATENCY_LOG,Move,0.15,0.167,0.017
LogBlueprintUserMessages: [BP_LatencyLogger_C_1] LATENCY_LOG,Move,0.167,0.183,0.017
LogBlueprintUserMessages: [BP_LatencyLogger_C_1] LATENCY_LOG,Move,0.183,0.2,0.017
LogBlueprintUserMessages: [BP_LatencyLogger_C_1] LATENCY_LOG,Move,0.2,0.217,0.017
LogBlueprintUserMessages: [BP_LatencyLogger_C_1] LATENCY_LOG,Move,0.217,0.017,0.2
LogBlueprintUserMessages: [BP_LatencyLogger_C_1] LATENCY_LOG,Move,0.017,0.033,0.017
LogBlueprintUserMessages: [BP_LatencyLogger_C_1] LATENCY_LOG,Move,0.033,0.05,0.017
LogBlueprintUserMessages: [BP_LatencyLogger_C_1] LATENCY_LOG,Move,0.05,0.067,0.017
LogBlueprintUserMessages: [BP_LatencyLogger_C_1] LATENCY_LOG,Move,0.067,0.083,0.017
LogBlueprintUserMessages: [BP_LatencyLogger_C_1] LATENCY_LOG,Move,0.083,0.1,0.017
LogBlueprintUserMessages: [BP_LatencyLogger_C_1] LATENCY_LOG,Move,0.1,0.117,0.017
LogBlueprintUserMessages: [BP_LatencyLogger_C_1] LATENCY_LOG,Move,0.117,0.133,0.017
LogBlueprintUserMessages: [BP_LatencyLogger_C_1] LATENCY_LOG,Move,0.133,0.15,0.017
LogBlueprintUserMessages: [BP_LatencyLogger_C_1] LATENCY_LOG,Move,0.15,0.167,0.017
LogBlueprintUserMessages: [BP_LatencyLogger_C_1] LATENCY_LOG,Move,0.167,0.183,0.017
LogBlueprintUserMessages: [BP_LatencyLogger_C_1] LATENCY_LOG,Move,0.183,0.2,0.017
LogBlueprintUserMessages: [BP_LatencyLogger_C_1] LATENCY_LOG,Move,0.2,0.217,0.017
LogBlueprintUserMessages: [BP_LatencyLogger_C_1] LATENCY_LOG,Move,0.217,0.017,0.2
LogBlueprintUserMessages: [BP_LatencyLogger_C_1] LATENCY_LOG,Move,0.017,0.033,0.017
LogBlueprintUserMessages: [BP_LatencyLogger_C_1] LATENCY_LOG,Move,0.033,0.05,0.017
LogBlueprintUserMessages: [BP_LatencyLogger_C_1] LATENCY_LOG,Move,0.05,0.067,0.017
LogBlueprintUserMessages: [BP_LatencyLogger_C_1] LATENCY_LOG,Move,0.067,0.083,0.017
LogBlueprintUserMessages: [BP_LatencyLogger_C_1] LATENCY_LOG,Move,0.083,0.1,0.017
LogBlueprintUserMessages: [BP_LatencyLogger_C_1] LATENCY_LOG,Move,0.1,0.117,0.017
LogBlueprintUserMessages: [BP_LatencyLogger_C_1] LATENCY_LOG,Move,0.117,0.133,0.017
LogBlueprintUserMessages: [BP_LatencyLogger_C_1] LATENCY_LOG,Move,0.133,0.15,0.017
LogBlueprintUserMessages: [BP_LatencyLogger_C_1] LATENCY_LOG,Move,0.15,0.167,0.017
LogBlueprintUserMessages: [BP_LatencyLogger_C_1] LATENCY_LOG,Move,0.167,0.184,0.017
LogBlueprintUserMessages: [BP_LatencyLogger_C_1] LATENCY_LOG,Move,0.184,0.2,0.017
LogBlueprintUserMessages: [BP_LatencyLogger_C_1] LATENCY_LOG,Move,0.2,0.218,0.017
LogBlueprintUserMessages: [BP_LatencyLogger_C_1] LATENCY_LOG,Move,0.218,0.235,0.017
LogBlueprintUserMessages: [BP_LatencyLogger_C_1] LATENCY_LOG,Move,0.235,0.252,0.017
LogBlueprintUserMessages: [BP_LatencyLogger_C_1] LATENCY_LOG,Move,0.252,0.27,0.019
LogBlueprintUserMessages: [BP_LatencyLogger_C_1] LATENCY_LOG,Move,0.27,0.289,0.018
LogBlueprintUserMessages: [BP_LatencyLogger_C_1] LATENCY_LOG,Move,0.289,0.307,0.018
LogBlueprintUserMessages: [BP_LatencyLogger_C_1] LATENCY_LOG,Move,0.307,0.323,0.017
LogBlueprintUserMessages: [BP_LatencyLogger_C_1] LATENCY_LOG,Move,0.323,0.34,0.017
LogBlueprintUserMessages: [BP_LatencyLogger_C_1] LATENCY_LOG,Move,0.34,0.357,0.017
LogBlueprintUserMessages: [BP_LatencyLogger_C_1] LATENCY_LOG,Move,0.357,0.373,0.017
LogBlueprintUserMessages: [BP_LatencyLogger_C_1] LATENCY_LOG,Move,0.373,0.392,0.018
LogBlueprintUserMessages: [BP_LatencyLogger_C_1] LATENCY_LOG,Move,0.392,0.413,0.021
LogBlueprintUserMessages: [BP_LatencyLogger_C_1] LATENCY_LOG,Move,0.413,0.435,0.021
LogBlueprintUserMessages: [BP_LatencyLogger_C_1] LATENCY_LOG,Move,0.435,0.452,0.017
LogBlueprintUserMessages: [BP_LatencyLogger_C_1] LATENCY_LOG,Move,0.452,0.47,0.018
LogBlueprintUserMessages: [BP_LatencyLogger_C_1] LATENCY_LOG,Move,0.47,0.018,0.452
LogBlueprintUserMessages: [BP_LatencyLogger_C_1] LATENCY_LOG,Move,0.018,0.036,0.018
LogBlueprintUserMessages: [BP_LatencyLogger_C_1] LATENCY_LOG,Move,0.036,0.054,0.018
LogBlueprintUserMessages: [BP_LatencyLogger_C_1] LATENCY_LOG,Move,0.054,0.073,0.019
LogBlueprintUserMessages: [BP_LatencyLogger_C_1] LATENCY_LOG,Move,0.073,0.092,0.019
LogBlueprintUserMessages: [BP_LatencyLogger_C_1] LATENCY_LOG,Move,0.092,0.11,0.018