LogBlueprintUserMessages: [BP_LatencyLogger_C_1] LATENCY_LOG,Move,0.021,0.038,0.017
LogBlueprintUserMessages: [BP_LatencyLogger_C_1] LATENCY_LOG,Move,0.038,0.059,0.021
LogBlueprintUserMessages: [BP_LatencyLogger_C_1] LATENCY_LOG,Move,0.059,0.081,0.022
LogBlueprintUserMessages: [BP_LatencyLogger_C_1] LATENCY_LOG,Move,0.081,0.101,0.02
LogBlueprintUserMessages: [BP_LatencyLogger_C_1] LATENCY_LOG,Move,0.101,0.124,0.023
LogBlueprintUserMessages: [BP_LatencyLogger_C_1] LATENCY_LOG,Move,0.124,0.146,0.022
LogBlueprintUserMessages: [BP_LatencyLogger_C_1] LATENCY_LOG,Move,0.146,0.174,0.027
LogBlueprintUserMessages: [BP_LatencyLogger_C_1] LATENCY_LOG,Move,0.174,0.198,0.024
LogBlueprintUserMessages: [BP_LatencyLogger_C_1] LATENCY_LOG,Move,0.198,0.235,0.037
LogBlueprintUserMessages: [BP_LatencyLogger_C_1] LATENCY_LOG,Move,0.235,0.26,0.025
LogBlueprintUserMessages: [BP_LatencyLogger_C_1] LATENCY_LOG,Move,0.26,0.284,0.024
LogBlueprintUserMessages: [BP_LatencyLogger_C_1] LATENCY_LOG,Move,0.284,0.303,0.019
LogBlueprintUserMessages: [BP_LatencyLogger_C_1] LATENCY_LOG,Move,0.303,0.322,0.019
LogBlueprintUserMessages: [BP_LatencyLogger_C_1] LATENCY_LOG,Move,0.322,0.343,0.021
LogBlueprintUserMessages: [BP_LatencyLogger_C_1] LATENCY_LOG,Move,0.343,0.37,0.028
LogBlueprintUserMessages: [BP_LatencyLogger_C_1] LATENCY_LOG,Move,0.37,0.391,0.02
LogBlueprintUserMessages: [BP_LatencyLogger_C_1] LATENCY_LOG,Move,0.391,0.411,0.021
LogBlueprintUserMessages: [BP_LatencyLogger_C_1] LATENCY_LOG,Move,0.411,0.432,0.021
LogBlueprintUserMessages: [BP_LatencyLogger_C_1] LATENCY_LOG,Move,0.432,0.453,0.021
LogBlueprintUserMessages: [BP_LatencyLogger_C_1] LATENCY_LOG,Move,0.453,0.473,0.02
LogBlueprintUserMessages: [BP_LatencyLogger_C_1] LATENCY_LOG,Move,0.473,0.495,0.022
LogBlueprintUserMessages: [BP_LatencyLogger_C_1] LATENCY_LOG,Move,0.495,0.517,0.023
LogBlueprintUserMessages: [BP_LatencyLogger_C_1] LATENCY_LOG,Move,0.517,0.541,0.024
LogBlueprintUserMessages: [BP_LatencyLogger_C_1] LATENCY_LOG,Move,0.541,0.561,0.02
LogBlueprintUserMessages: [BP_LatencyLogger_C_1] LATENCY_LOG,Move,0.561,0.584,0.023
LogBlueprintUserMessages: [BP_LatencyLogger_C_1] LATENCY_LOG,Move,0.584,0.603,0.019
LogBlueprintUserMessages: [BP_LatencyLogger_C_1] LATENCY_LOG,Move,0.603,0.624,0.021
LogBlueprintUserMessages: [BP_LatencyLogger_C_1] LATENCY_LOG,Move,0.624,0.642,0.018
LogBlueprintUserMessages: [BP_LatencyLogger_C_1] LATENCY_LOG,Move,0.642,0.661,0.019
LogBlueprintUserMessages: [BP_LatencyLogger_C_1] LATENCY_LOG,Move,0.661,0.681,0.019
LogBlueprintUserMessages: [BP_LatencyLogger_C_1] LATENCY_LOG,Move,0.681,0.697,0.017
LogBlueprintUserMessages: [BP_LatencyLogger_C_1] LATENCY_LOG,Move,0.697,0.72,0.022
LogBlueprintUserMessages: [BP_LatencyLogger_C_1] LATENCY_LOG,Move,0.72,0.738,0.018
LogBlueprintUserMessages: [BP_LatencyLogger_C_1] LATENCY_LOG,Move,0.738,0.757,0.019
LogBlueprintUserMessages: [BP_LatencyLogger_C_1] LATENCY_LOG,Move,0.757,0.779,0.022
LogBlueprintUserMessages: [BP_LatencyLogger_C_1] LATENCY_LOG,Move,0.779,0.797,0.018
LogBlueprintUserMessages: [BP_LatencyLogger_C_1] LATENCY_LOG,Move,0.797,0.816,0.018
LogBlueprintUserMessages: [BP_LatencyLogger_C_1] LATENCY_LOG,Move,0.816,0.835,0.02
LogBlueprintUserMessages: [BP_LatencyLogger_C_1] LATENCY_LOG,Move,0.835,0.857,0.021
LogBlueprintUserMessages: [BP_LatencyLogger_C_1] LATENCY_LOG,Move,0.857,0.88,0.023
LogBlueprintUserMessages: [BP_LatencyLogger_C_1] LATENCY_LOG,Move,0.88,0.9,0.02
LogBlueprintUserMessages: [BP_LatencyLogger_C_1] LATENCY_LOG,Move,0.9,0.919,0.019
LogBlueprintUserMessages: [BP_LatencyLogger_C_1] LATENCY_LOG,Move,0.919,0.94,0.021
LogBlueprintUserMessages: [BP_LatencyLogger_C_1] LATENCY_LOG,Move,0.94,0.962,0.022
LogBlueprintUserMessages: [BP_LatencyLogger_C_1] LATENCY_LOG,Move,0.962,0.982,0.021
LogBlueprintUserMessages: [BP_LatencyLogger_C_1] LATENCY_LOG,Move,0.982,1.002,0.019
LogBlueprintUserMessages: [BP_LatencyLogger_C_1] LATENCY_LOG,Move,1.002,1.023,0.021
LogBlueprintUserMessages: [BP_LatencyLogger_C_1] LATENCY_LOG,Move,1.023,1.043,0.021
LogBlueprintUserMessages: [BP_LatencyLogger_C_1] LATENCY_LOG,Move,1.043,1.06,0.017
LogBlueprintUserMessages: [BP_LatencyLogger_C_1] LATENCY_LOG,Move,1.06,1.082,0.021
LogBlueprintUserMessages: [BP_LatencyLogger_C_1] LATENCY_LOG,Move,1.082,1.1,0.018
LogBlueprintUserMessages: [BP_LatencyLogger_C_1] LATENCY_LOG,Move,1.1,1.123,0.023
LogBlueprintUserMessages: [BP_LatencyLogger_C_1] LATENCY_LOG,Move,1.123,1.142,0.02
LogBlueprintUserMessages: [BP_LatencyLogger_C_1] LATENCY_LOG,Move,1.142,1.165,0.023
LogBlueprintUserMessages: [BP_LatencyLogger_C_1] LATENCY_LOG,Move,1.165,1.186,0.02
LogBlueprintUserMessages: [BP_LatencyLogger_C_1] LATENCY_LOG,Move,1.186,1.204,0.018
LogBlueprintUserMessages: [BP_LatencyLogger_C_1] LATENCY_LOG,Move,1.204,1.223,0.019
LogBlueprintUserMessages: [BP_LatencyLogger_C_1] LATENCY_LOG,Move,1.223,1.246,0.023
LogBlueprintUserMessages: [BP_LatencyLogger_C_1] LATENCY_LOG,Move,1.246,1.267,0.021
LogBlueprintUserMessages: [BP_LatencyLogger_C_1] LATENCY_LOG,Move,1.267,1.289,0.022
LogBlueprintUserMessages: [BP_LatencyLogger_C_1] LATENCY_LOG,Move,1.289,1.306,0.017
LogBlueprintUserMessages: [BP_LatencyLogger_C_1] LATENCY_LOG,Move,1.306,1.327,0.021
LogBlueprintUserMessages: [BP_LatencyLogger_C_1] LATENCY_LOG,Move,1.327,1.347,0.02
LogBlueprintUserMessages: [BP_LatencyLogger_C_1] LATENCY_LOG,Move,1.347,1.364,0.018
LogBlueprintUserMessages: [BP_LatencyLogger_C_1] LATENCY_LOG,Move,1.364,1.393,0.029
LogBlueprintUserMessages: [BP_LatencyLogger_C_1] LATENCY_LOG,Move,1.393,1.411,0.018
LogBlueprintUserMessages: [BP_LatencyLogger_C_1] LATENCY_LOG,Move,1.411,1.431,0.02
LogBlueprintUserMessages: [BP_LatencyLogger_C_1] LATENCY_LOG,Move,1.431,1.45,0.019
LogBlueprintUserMessages: [BP_LatencyLogger_C_1] LATENCY_LOG,Move,1.45,1.471,0.021
LogBlueprintUserMessages: [BP_LatencyLogger_C_1] LATENCY_LOG,Move,1.471,1.492,0.021
LogBlueprintUserMessages: [BP_LatencyLogger_C_1] LATENCY_LOG,Move,1.492,1.513,0.021
LogBlueprintUserMessages: [BP_LatencyLogger_C_1] LATENCY_LOG,Move,1.513,1.534,0.021
LogBlueprintUserMessages: [BP_LatencyLogger_C_1] LATENCY_LOG,Move,1.534,1.555,0.021
LogBlueprintUserMessages: [BP_LatencyLogger_C_1] LATENCY_LOG,Move,1.555,1.576,0.02
LogBlueprintUserMessages: [BP_LatencyLogger_C_1] LATENCY_LOG,Move,1.576,1.595,0.019
LogBlueprintUserMessages: [BP_LatencyLogger_C_1] LATENCY_LOG,Move,1.595,1.617,0.022
LogBlueprintUserMessages: [BP_LatencyLogger_C_1] LATENCY_LOG,Move,1.617,0.022,1.595
LogBlueprintUserMessages: [BP_LatencyLogger_C_1] LATENCY_LOG,Move,0.022,0.041,0.019
LogBlueprintUserMessages: [BP_LatencyLogger_C_1] LATENCY_LOG,Move,0.041,0.06,0.019
LogBlueprintUserMessages: [BP_LatencyLogger_C_1] LATENCY_LOG,Move,0.06,0.081,0.021
LogBlueprintUserMessages: [BP_LatencyLogger_C_1] LATENCY_LOG,Move,0.081,0.1,0.019
LogBlueprintUserMessages: [BP_LatencyLogger_C_1] LATENCY_LOG,Move,0.1,0.121,0.02
LogBlueprintUserMessages: [BP_LatencyLogger_C_1] LATENCY_LOG,Move,0.121,0.14,0.019
LogBlueprintUserMessages: [BP_LatencyLogger_C_1] LATENCY_LOG,Move,0.14,0.156,0.017
LogBlueprintUserMessages: [BP_LatencyLogger_C_1] LATENCY_LOG,Move,0.156,0.178,0.022
LogBlueprintUserMessages: [BP_LatencyLogger_C_1] LATENCY_LOG,Move,0.178,0.197,0.019
LogBlueprintUserMessages: [BP_LatencyLogger_C_1] LATENCY_LOG,Move,0.197,0.218,0.021
LogBlueprintUserMessages: [BP_LatencyLogger_C_1] LATENCY_LOG,Move,0.218,0.238,0.019
LogBlueprintUserMessages: [BP_LatencyLogger_C_1] LATENCY_LOG,Move,0.238,0.262,0.024
LogBlueprintUserMessages: [BP_LatencyLogger_C_1] LATENCY_LOG,Move,0.262,0.283,0.021
LogBlueprintUserMessages: [BP_LatencyLogger_C_1] LATENCY_LOG,Move,0.283,0.301,0.018
LogBlueprintUserMessages: [BP_LatencyLogger_C_1] LATENCY_LOG,Move,0.301,0.323,0.023
LogBlueprintUserMessages: [BP_LatencyLogger_C_1] LATENCY_LOG,Move,0.323,0.344,0.021
LogBlueprintUserMessages: [BP_LatencyLogger_C_1] LATENCY_LOG,Move,0.344,0.363,0.018
LogBlueprintUserMessages: [BP_LatencyLogger_C_1] LATENCY_LOG,Move,0.363,0.385,0.023
LogBlueprintUserMessages: [BP_LatencyLogger_C_1] LATENCY_LOG,Move,0.385,0.404,0.018
LogBlueprintUserMessages: [BP_LatencyLogger_C_1] LATENCY_LOG,Move,0.404,0.427,0.023
LogBlueprintUserMessages: [BP_LatencyLogger_C_1] LATENCY_LOG,Move,0.427,0.449,0.022
LogBlueprintUserMessages: [BP_LatencyLogger_C_1] LATENCY_LOG,Move,0.449,0.472,0.023
LogBlueprintUserMessages: [BP_LatencyLogger_C_1] LATENCY_LOG,Move,0.472,0.493,0.021
LogBlueprintUserMessages: [BP_LatencyLogger_C_1] LATENCY_LOG,Move,0.493,0.515,0.021
LogBlueprintUserMessages: [BP_LatencyLogger_C_1] LATENCY_LOG,Move,0.515,0.533,0.019
LogBlueprintUserMessages: [BP_LatencyLogger_C_1] LATENCY_LOG,Move,0.533,0.556,0.023
LogBlueprintUserMessages: [BP_LatencyLogger_C_1] LATENCY_LOG,Move,0.556,0.576,0.02
LogBlueprintUserMessages: [BP_LatencyLogger_C_1] LATENCY_LOG,Move,0.576,0.594,0.018
LogBlueprintUserMessages: [BP_LatencyLogger_C_1] LATENCY_LOG,Move,0.594,0.614,0.021
LogBlueprintUserMessages: [BP_LatencyLogger_C_1] LATENCY_LOG,Move,0.614,0.634,0.019
LogBlueprintUserMessages: [BP_LatencyLogger_C_1] LATENCY_LOG,Move,0.634,0.652,0.018
LogBlueprintUserMessages: [BP_LatencyLogger_C_1] LATENCY_LOG,Move,0.652,0.671,0.019
LogBlueprintUserMessages: [BP_LatencyLogger_C_1] LATENCY_LOG,Move,0.671,0.69,0.019
LogBlueprintUserMessages: [BP_LatencyLogger_C_1] LATENCY_LOG,Move,0.69,0.708,0.018
LogBlueprintUserMessages: [BP_LatencyLogger_C_1] LATENCY_LOG,Move,0.708,0.725,0.017
LogBlueprintUserMessages: [BP_LatencyLogger_C_1] LATENCY_LOG,Move,0.725,0.746,0.021
LogBlueprintUserMessages: [BP_LatencyLogger_C_1] LATENCY_LOG,Move,0.746,0.769,0.023
LogBlueprintUserMessages: [BP_LatencyLogger_C_1] LATENCY_LOG,Move,0.769,0.791,0.022
LogBlueprintUserMessages: [BP_LatencyLogger_C_1] LATENCY_LOG,Move,0.791,0.809,0.018
LogBlueprintUserMessages: [BP_LatencyLogger_C_1] LATENCY_LOG,Move,0.809,0.828,0.02
LogBlueprintUserMessages: [BP_LatencyLogger_C_1] LATENCY_LOG,Move,0.828,0.848,0.02
LogBlueprintUserMessages: [BP_LatencyLogger_C_1] LATENCY_LOG,Move,0.848,0.868,0.02
LogBlueprintUserMessages: [BP_LatencyLogger_C_1] LATENCY_LOG,Move,0.868,0.888,0.021
LogBlueprintUserMessages: [BP_LatencyLogger_C_1] LATENCY_LOG,Move,0.888,0.91,0.021
LogBlueprintUserMessages: [BP_LatencyLogger_C_1] LATENCY_LOG,Move,0.91,0.928,0.018
LogBlueprintUserMessages: [BP_LatencyLogger_C_1] LATENCY_LOG,Move,0.928,0.95,0.022
LogBlueprintUserMessages: [BP_LatencyLogger_C_1] LATENCY_LOG,Move,0.95,0.968,0.018
LogBlueprintUserMessages: [BP_LatencyLogger_C_1] LATENCY_LOG,Move,0.968,0.988,0.019
LogBlueprintUserMessages: [BP_LatencyLogger_C_1] LATENCY_LOG,Move,0.988,1.005,0.018
LogBlueprintUserMessages: [BP_LatencyLogger_C_1] LATENCY_LOG,Move,1.005,1.024,0.018
LogBlueprintUserMessages: [BP_LatencyLogger_C_1] LATENCY_LOG,Move,1.024,1.044,0.02
LogBlueprintUserMessages: [BP_LatencyLogger_C_1] LATENCY_LOG,Move,1.044,1.062,0.018
LogBlueprintUserMessages: [BP_LatencyLogger_C_1] LATENCY_LOG,Move,1.062,1.08,0.019
LogBlueprintUserMessages: [BP_LatencyLogger_C_1] LATENCY_LOG,Move,1.08,1.099,0.018
LogBlueprintUserMessages: [BP_LatencyLogger_C_1] LATENCY_LOG,Move,1.099,1.117,0.019
LogBlueprintUserMessages: [BP_LatencyLogger_C_1] LATENCY_LOG,Move,1.117,1.139,0.021
LogBlueprintUserMessages: [BP_LatencyLogger_C_1] LATENCY_LOG,Move,1.139,1.155,0.017
LogBlueprintUserMessages: [BP_LatencyLogger_C_1] LATENCY_LOG,Move,1.155,1.174,0.019
LogBlueprintUserMessages: [BP_LatencyLogger_C_1] LATENCY_LOG,Move,1.174,1.191,0.017
LogBlueprintUserMessages: [BP_LatencyLogger_C_1] LATENCY_LOG,Move,1.191,1.212,0.021
LogBlueprintUserMessages: [BP_LatencyLogger_C_1] LATENCY_LOG,Move,1.212,1.231,0.019
LogBlueprintUserMessages: [BP_LatencyLogger_C_1] LATENCY_LOG,Move,1.231,1.252,0.021
LogBlueprintUserMessages: [BP_LatencyLogger_C_1] LATENCY_LOG,Move,1.252,1.277,0.025
LogBlueprintUserMessages: [BP_LatencyLogger_C_1] LATENCY_LOG,Move,1.277,0.019,1.259
LogBlueprintUserMessages: [BP_LatencyLogger_C_1] LATENCY_LOG,Move,0.019,0.04,0.021
LogBlueprintUserMessages: [BP_LatencyLogger_C_1] LATENCY_LOG,Move,0.04,0.06,0.019
LogBlueprintUserMessages: [BP_LatencyLogger_C_1] LATENCY_LOG,Move,0.06,0.079,0.019
LogBlueprintUserMessages: [BP_LatencyLogger_C_1] LATENCY_LOG,Move,0.079,0.101,0.022
LogBlueprintUserMessages: [BP_LatencyLogger_C_1] LATENCY_LOG,Move,0.101,0.118,0.017
LogBlueprintUserMessages: [BP_LatencyLogger_C_1] LATENCY_LOG,Move,0.118,0.138,0.02
LogBlueprintUserMessages: [BP_LatencyLogger_C_1] LATENCY_LOG,Move,0.138,0.155,0.017
LogBlueprintUserMessages: [BP_LatencyLogger_C_1] LATENCY_LOG,Move,0.155,0.175,0.02
LogBlueprintUserMessages: [BP_LatencyLogger_C_1] LATENCY_LOG,Move,0.175,0.194,0.019
LogBlueprintUserMessages: [BP_LatencyLogger_C_1] LATENCY_LOG,Move,0.194,0.214,0.02
LogBlueprintUserMessages: [BP_LatencyLogger_C_1] LATENCY_LOG,Move,0.214,0.233,0.02
LogBlueprintUserMessages: [BP_LatencyLogger_C_1] LATENCY_LOG,Move,0.233,0.25,0.017
LogBlueprintUserMessages: [BP_LatencyLogger_C_1] LATENCY_LOG,Move,0.25,0.269,0.019
LogBlueprintUserMessages: [BP_LatencyLogger_C_1] LATENCY_LOG,Move,0.269,0.289,0.02
LogBlueprintUserMessages: [BP_LatencyLogger_C_1] LATENCY_LOG,Move,0.289,0.311,0.023
LogBlueprintUserMessages: [BP_LatencyLogger_C_1] LATENCY_LOG,Move,0.311,0.332,0.021
LogBlueprintUserMessages: [BP_LatencyLogger_C_1] LATENCY_LOG,Move,0.332,0.351,0.018
LogBlueprintUserMessages: [BP_LatencyLogger_C_1] LATENCY_LOG,Move,0.351,0.373,0.022
LogBlueprintUserMessages: [BP_LatencyLogger_C_1] LATENCY_LOG,Move,0.373,0.39,0.018
LogBlueprintUserMessages: [BP_LatencyLogger_C_1] LATENCY_LOG,Move,0.39,0.411,0.02
LogBlueprintUserMessages: [BP_LatencyLogger_C_1] LATENCY_LOG,Move,0.411,0.43,0.019
LogBlueprintUserMessages: [BP_LatencyLogger_C_1] LATENCY_LOG,Move,0.43,0.449,0.019
LogBlueprintUserMessages: [BP_LatencyLogger_C_1] LATENCY_LOG,Move,0.449,0.474,0.026
LogBlueprintUserMessages: [BP_LatencyLogger_C_1] LATENCY_LOG,Move,0.474,0.497,0.023
LogBlueprintUserMessages: [BP_LatencyLogger_C_1] LATENCY_LOG,Move,0.497,0.518,0.021
LogBlueprintUserMessages: [BP_LatencyLogger_C_1] LATENCY_LOG,Move,0.518,0.539,0.02
LogBlueprintUserMessages: [BP_LatencyLogger_C_1] LATENCY_LOG,Move,0.539,0.557,0.018
LogBlueprintUserMessages: [BP_LatencyLogger_C_1] LATENCY_LOG,Move,0.557,0.576,0.019
LogBlueprintUserMessages: [BP_LatencyLogger_C_1] LATENCY_LOG,Move,0.576,0.596,0.02
LogBlueprintUserMessages: [BP_LatencyLogger_C_1] LATENCY_LOG,Move,0.596,0.616,0.021
LogBlueprintUserMessages: [BP_LatencyLogger_C_1] LATENCY_LOG,Move,0.616,0.637,0.021
LogBlueprintUserMessages: [BP_LatencyLogger_C_1] LATENCY_LOG,Move,0.637,0.655,0.018
LogBlueprintUserMessages: [BP_LatencyLogger_C_1] LATENCY_LOG,Move,0.655,0.675,0.02
LogBlueprintUserMessages: [BP_LatencyLogger_C_1] LATENCY_LOG,Move,0.675,0.695,0.019
LogBlueprintUserMessages: [BP_LatencyLogger_C_1] LATENCY_LOG,Move,0.695,0.714,0.019
LogBlueprintUserMessages: [BP_LatencyLogger_C_1] LATENCY_LOG,Move,0.714,0.732,0.018
LogBlueprintUserMessages: [BP_LatencyLogger_C_1] LATENCY_LOG,Move,0.732,0.749,0.017
LogBlueprintUserMessages: [BP_LatencyLogger_C_1] LATENCY_LOG,Move,0.749,0.771,0.022
LogBlueprintUserMessages: [BP_LatencyLogger_C_1] LATENCY_LOG,Move,0.771,0.79,0.019
LogBlueprintUserMessages: [BP_LatencyLogger_C_1] LATENCY_LOG,Move,0.79,0.808,0.018
LogBlueprintUserMessages: [BP_LatencyLogger_C_1] LATENCY_LOG,Move,0.808,0.831,0.023
LogBlueprintUserMessages: [BP_LatencyLogger_C_1] LATENCY_LOG,Move,0.831,0.851,0.02
LogBlueprintUserMessages: [BP_LatencyLogger_C_1] LATENCY_LOG,Move,0.851,0.874,0.023
LogBlueprintUserMessages: [BP_LatencyLogger_C_1] LATENCY_LOG,Move,0.874,0.893,0.019
LogBlueprintUserMessages: [BP_LatencyLogger_C_1] LATENCY_LOG,Move,0.893,0.915,0.021
LogBlueprintUserMessages: [BP_LatencyLogger_C_1] LATENCY_LOG,Move,0.915,0.934,0.02
LogBlueprintUserMessages: [BP_LatencyLogger_C_1] LATENCY_LOG,Move,0.934,0.955,0.02
LogBlueprintUserMessages: [BP_LatencyLogger_C_1] LATENCY_LOG,Move,0.955,0.983,0.028
LogBlueprintUserMessages: [BP_LatencyLogger_C_1] LATENCY_LOG,Move,0.983,1.005,0.022
LogBlueprintUserMessages: [BP_LatencyLogger_C_1] LATENCY_LOG,Move,1.005,1.028,0.023
LogBlueprintUserMessages: [BP_LatencyLogger_C_1] LATENCY_LOG,Move,1.028,1.049,0.021
LogBlueprintUserMessages: [BP_LatencyLogger_C_1] LATENCY_LOG,Move,1.049,1.073,0.024
LogBlueprintUserMessages: [BP_LatencyLogger_C_1] LATENCY_LOG,Move,1.073,1.093,0.02
LogBlueprintUserMessages: [BP_LatencyLogger_C_1] LATENCY_LOG,Move,1.093,1.115,0.022
LogBlueprintUserMessages: [BP_LatencyLogger_C_1] LATENCY_LOG,Move,1.115,1.135,0.02
LogBlueprintUserMessages: [BP_LatencyLogger_C_1] LATENCY_LOG,Move,1.135,1.155,0.02
LogBlueprintUserMessages: [BP_LatencyLogger_C_1] LATENCY_LOG,Move,1.155,1.176,0.021
LogBlueprintUserMessages: [BP_LatencyLogger_C_1] LATENCY_LOG,Move,1.176,1.195,0.019
LogBlueprintUserMessages: [BP_LatencyLogger_C_1] LATENCY_LOG,Move,1.195,1.214,0.02
LogBlueprintUserMessages: [BP_LatencyLogger_C_1] LATENCY_LOG,Move,1.214,1.233,0.019
LogBlueprintUserMessages: [BP_LatencyLogger_C_1] LATENCY_LOG,Move,1.233,1.252,0.019
LogBlueprintUserMessages: [BP_LatencyLogger_C_1] LATENCY_LOG,Move,1.252,1.273,0.021
LogBlueprintUserMessages: [BP_LatencyLogger_C_1] LATENCY_LOG,Move,1.273,1.292,0.019
LogBlueprintUserMessages: [BP_LatencyLogger_C_1] LATENCY_LOG,Move,1.292,1.313,0.02
LogBlueprintUserMessages: [BP_LatencyLogger_C_1] LATENCY_LOG,Move,1.313,1.334,0.021
LogBlueprintUserMessages: [BP_LatencyLogger_C_1] LATENCY_LOG,Move,1.334,1.352,0.018
LogBlueprintUserMessages: [BP_LatencyLogger_C_1] LATENCY_LOG,Move,1.352,1.375,0.023
LogBlueprintUserMessages: [BP_LatencyLogger_C_1] LATENCY_LOG,Move,1.375,1.395,0.02
LogBlueprintUserMessages: [BP_LatencyLogger_C_1] LATENCY_LOG,Move,1.395,1.415,0.02
LogBlueprintUserMessages: [BP_LatencyLogger_C_1] LATENCY_LOG,Move,1.415,1.435,0.02
LogBlueprintUserMessages: [BP_LatencyLogger_C_1] LATENCY_LOG,Move,1.435,1.454,0.019
LogBlueprintUserMessages: [BP_LatencyLogger_C_1] LATENCY_LOG,Move,1.454,1.473,0.019
LogBlueprintUserMessages: [BP_LatencyLogger_C_1] LATENCY_LOG,Move,1.473,1.499,0.025
LogBlueprintUserMessages: [BP_LatencyLogger_C_1] LATENCY_LOG,Move,1.499,1.517,0.018
LogBlueprintUserMessages: [BP_LatencyLogger_C_1] LATENCY_LOG,Move,1.517,1.537,0.02
LogBlueprintUserMessages: [BP_LatencyLogger_C_1] LATENCY_LOG,Move,1.537,1.557,0.019
LogBlueprintUserMessages: [BP_LatencyLogger_C_1] LATENCY_LOG,Move,1.557,1.579,0.022
LogBlueprintUserMessages: [BP_LatencyLogger_C_1] LATENCY_LOG,Move,1.579,1.6,0.021
LogBlueprintUserMessages: [BP_LatencyLogger_C_1] LATENCY_LOG,Move,1.6,1.62,0.02
LogBlueprintUserMessages: [BP_LatencyLogger_C_1] LATENCY_LOG,Move,1.62,1.641,0.021
LogBlueprintUserMessages: [BP_LatencyLogger_C_1] LATENCY_LOG,Move,1.641,1.663,0.022
LogBlueprintUserMessages: [BP_LatencyLogger_C_1] LATENCY_LOG,Move,1.663,1.682,0.019
LogBlueprintUserMessages: [BP_LatencyLogger_C_1] LATENCY_LOG,Move,1.682,1.701,0.019
LogBlueprintUserMessages: [BP_LatencyLogger_C_1] LATENCY_LOG,Move,1.701,1.72,0.018
LogBlueprintUserMessages: [BP_LatencyLogger_C_1] LATENCY_LOG,Move,1.72,1.736,0.017
LogBlueprintUserMessages: [BP_LatencyLogger_C_1] LATENCY_LOG,Move,1.736,1.755,0.019
LogBlueprintUserMessages: [BP_LatencyLogger_C_1] LATENCY_LOG,Move,1.755,1.776,0.02
LogBlueprintUserMessages: [BP_LatencyLogger_C_1] LATENCY_LOG,Move,1.776,1.796,0.02
LogBlueprintUserMessages: [BP_LatencyLogger_C_1] LATENCY_LOG,Move,1.796,1.814,0.018
LogBlueprintUserMessages: [BP_LatencyLogger_C_1] LATENCY_LOG,Move,1.814,1.834,0.02
LogBlueprintUserMessages: [BP_LatencyLogger_C_1] LATENCY_LOG,Move,1.834,1.851,0.017
LogBlueprintUserMessages: [BP_LatencyLogger_C_1] LATENCY_LOG,Move,1.851,1.872,0.021
LogBlueprintUserMessages: [BP_LatencyLogger_C_1] LATENCY_LOG,Move,1.872,1.89,0.018
LogBlueprintUserMessages: [BP_LatencyLogger_C_1] LATENCY_LOG,Move,1.89,1.908,0.018
LogBlueprintUserMessages: [BP_LatencyLogger_C_1] LATENCY_LOG,Move,1.908,1.926,0.019
LogBlueprintUserMessages: [BP_LatencyLogger_C_1] LATENCY_LOG,Move,1.926,1.945,0.018
LogBlueprintUserMessages: [BP_LatencyLogger_C_1] LATENCY_LOG,Move,1.945,1.964,0.019
LogBlueprintUserMessages: [BP_LatencyLogger_C_1] LATENCY_LOG,Move,1.964,1.982,0.018
LogBlueprintUserMessages: [BP_LatencyLogger_C_1] LATENCY_LOG,Move,1.982,2.009,0.028
LogBlueprintUserMessages: [BP_LatencyLogger_C_1] LATENCY_LOG,Move,2.009,2.03,0.021
LogBlueprintUserMessages: [BP_LatencyLogger_C_1] LATENCY_LOG,Move,2.03,2.05,0.02
LogBlueprintUserMessages: [BP_LatencyLogger_C_1] LATENCY_LOG,Move,2.05,2.068,0.019
LogBlueprintUserMessages: [BP_LatencyLogger_C_1] LATENCY_LOG,Move,2.068,2.09,0.021
LogBlueprintUserMessages: [BP_LatencyLogger_C_1] LATENCY_LOG,Move,2.09,2.108,0.018
LogBlueprintUserMessages: [BP_LatencyLogger_C_1] LATENCY_LOG,Move,2.108,2.127,0.019
LogBlueprintUserMessages: [BP_LatencyLogger_C_1] LATENCY_LOG,Move,2.127,2.144,0.017
LogBlueprintUserMessages: [BP_LatencyLogger_C_1] LATENCY_LOG,Move,2.144,2.166,0.022
LogBlueprintUserMessages: [BP_LatencyLogger_C_1] LATENCY_LOG,Move,2.166,2.185,0.019
LogBlueprintUserMessages: [BP_LatencyLogger_C_1] LATENCY_LOG,Move,2.185,2.207,0.022
LogBlueprintUserMessages: [BP_LatencyLogger_C_1] LATENCY_LOG,Move,2.207,2.228,0.02
LogBlueprintUserMessages: [BP_LatencyLogger_C_1] LATENCY_LOG,Move,2.228,2.245,0.018
LogBlueprintUserMessages: [BP_LatencyLogger_C_1] LATENCY_LOG,Move,2.245,2.265,0.02
LogBlueprintUserMessages: [BP_LatencyLogger_C_1] LATENCY_LOG,Move,2.265,2.282,0.017
LogBlueprintUserMessages: [BP_LatencyLogger_C_1] LATENCY_LOG,Move,2.282,2.301,0.019
LogBlueprintUserMessages: [BP_LatencyLogger_C_1] LATENCY_LOG,Move,2.301,2.319,0.018
LogBlueprintUserMessages: [BP_LatencyLogger_C_1] LATENCY_LOG,Move,2.319,2.339,0.02
LogBlueprintUserMessages: [BP_LatencyLogger_C_1] LATENCY_LOG,Move,2.339,2.357,0.018
LogBlueprintUserMessages: [BP_LatencyLogger_C_1] LATENCY_LOG,Move,2.357,2.374,0.018
LogBlueprintUserMessages: [BP_LatencyLogger_C_1] LATENCY_LOG,Move,2.374,2.396,0.021
LogBlueprintUserMessages: [BP_LatencyLogger_C_1] LATENCY_LOG,Move,2.396,2.416,0.021
LogBlueprintUserMessages: [BP_LatencyLogger_C_1] LATENCY_LOG,Move,2.416,2.434,0.018
LogBlueprintUserMessages: [BP_LatencyLogger_C_1] LATENCY_LOG,Move,2.434,2.455,0.021
LogBlueprintUserMessages: [BP_LatencyLogger_C_1] LATENCY_LOG,Move,2.455,2.473,0.018
LogBlueprintUserMessages: [BP_LatencyLogger_C_1] LATENCY_LOG,Move,2.473,2.492,0.019
LogBlueprintUserMessages: [BP_LatencyLogger_C_1] LATENCY_LOG,Move,2.492,2.518,0.025
LogBlueprintUserMessages: [BP_LatencyLogger_C_1] LATENCY_LOG,Move,2.518,2.535,0.018
LogBlueprintUserMessages: [BP_LatencyLogger_C_1] LATENCY_LOG,Move,2.535,2.554,0.018
LogBlueprintUserMessages: [BP_LatencyLogger_C_1] LATENCY_LOG,Move,2.554,2.574,0.02
LogBlueprintUserMessages: [BP_LatencyLogger_C_1] LATENCY_LOG,Move,2.574,2.595,0.022
LogBlueprintUserMessages: [BP_LatencyLogger_C_1] LATENCY_LOG,Move,2.595,2.613,0.017
LogBlueprintUserMessages: [BP_LatencyLogger_C_1] LATENCY_LOG,Move,2.613,2.636,0.023
LogBlueprintUserMessages: [BP_LatencyLogger_C_1] LATENCY_LOG,Move,2.636,2.655,0.019
LogBlueprintUserMessages: [BP_LatencyLogger_C_1] LATENCY_LOG,Move,2.655,2.672,0.017
LogBlueprintUserMessages: [BP_LatencyLogger_C_1] LATENCY_LOG,Move,2.672,2.696,0.024
LogBlueprintUserMessages: [BP_LatencyLogger_C_1] LATENCY_LOG,Move,2.696,2.715,0.019
LogBlueprintUserMessages: [BP_LatencyLogger_C_1] LATENCY_LOG,Move,2.715,2.736,0.021
LogBlueprintUserMessages: [BP_LatencyLogger_C_1] LATENCY_LOG,Move,2.736,2.755,0.02
LogBlueprintUserMessages: [BP_LatencyLogger_C_1] LATENCY_LOG,Move,2.755,2.774,0.019
LogBlueprintUserMessages: [BP_LatencyLogger_C_1] LATENCY_LOG,Move,2.774,2.794,0.02
LogBlueprintUserMessages: [BP_LatencyLogger_C_1] LATENCY_LOG,Move,2.794,2.812,0.018
LogBlueprintUserMessages: [BP_LatencyLogger_C_1] LATENCY_LOG,Move,2.812,2.834,0.022
LogBlueprintUserMessages: [BP_LatencyLogger_C_1] LATENCY_LOG,Move,2.834,2.851,0.017
LogBlueprintUserMessages: [BP_LatencyLogger_C_1] LATENCY_LOG,Move,2.851,2.871,0.02
LogBlueprintUserMessages: [BP_LatencyLogger_C_1] LATENCY_LOG,Move,2.871,2.89,0.019
LogBlueprintUserMessages: [BP_LatencyLogger_C_1] LATENCY_LOG,Move,2.89,2.907,0.017
LogBlueprintUserMessages: [BP_LatencyLogger_C_1] LATENCY_LOG,Move,2.907,2.928,0.021
LogBlueprintUserMessages: [BP_LatencyLogger_C_1] LATENCY_LOG,Move,2.928,2.947,0.02
LogBlueprintUserMessages: [BP_LatencyLogger_C_1] LATENCY_LOG,Move,2.947,2.966,0.019
LogBlueprintUserMessages: [BP_LatencyLogger_C_1] LATENCY_LOG,Move,2.966,2.986,0.02
LogBlueprintUserMessages: [BP_LatencyLogger_C_1] LATENCY_LOG,Move,2.986,3.006,0.02
LogBlueprintUserMessages: [BP_LatencyLogger_C_1] LATENCY_LOG,Move,3.006,3.034,0.028
LogBlueprintUserMessages: [BP_LatencyLogger_C_1] LATENCY_LOG,Move,3.034,3.052,0.017
LogBlueprintUserMessages: [BP_LatencyLogger_C_1] LATENCY_LOG,Move,3.052,3.073,0.021
LogBlueprintUserMessages: [BP_LatencyLogger_C_1] LATENCY_LOG,Move,3.073,3.095,0.022
LogBlueprintUserMessages: [BP_LatencyLogger_C_1] LATENCY_LOG,Move,3.095,3.115,0.02
LogBlueprintUserMessages: [BP_LatencyLogger_C_1] LATENCY_LOG,Move,3.115,3.133,0.018
LogBlueprintUserMessages: [BP_LatencyLogger_C_1] LATENCY_LOG,Move,3.133,3.153,0.02
LogBlueprintUserMessages: [BP_LatencyLogger_C_1] LATENCY_LOG,Move,3.153,0.02,3.133
LogBlueprintUserMessages: [BP_LatencyLogger_C_1] LATENCY_LOG,Move,0.02,0.039,0.019
LogBlueprintUserMessages: [BP_LatencyLogger_C_1] LATENCY_LOG,Move,0.039,0.064,0.024
LogBlueprintUserMessages: [BP_LatencyLogger_C_1] LATENCY_LOG,Move,0.064,0.081,0.018
LogBlueprintUserMessages: [BP_LatencyLogger_C_1] LATENCY_LOG,Move,0.081,0.105,0.024
LogBlueprintUserMessages: [BP_LatencyLogger_C_1] LATENCY_LOG,Move,0.105,0.123,0.019
LogBlueprintUserMessages: [BP_LatencyLogger_C_1] LATENCY_LOG,Move,0.123,0.142,0.019
LogBlueprintUserMessages: [BP_LatencyLogger_C_1] LATENCY_LOG,Move,0.142,0.162,0.019
LogBlueprintUserMessages: [BP_LatencyLogger_C_1] LATENCY_LOG,Move,0.162,0.181,0.02
LogBlueprintUserMessages: [BP_LatencyLogger_C_1] LATENCY_LOG,Move,0.181,0.2,0.019
LogBlueprintUserMessages: [BP_LatencyLogger_C_1] LATENCY_LOG,Move,0.2,0.217,0.017
LogBlueprintUserMessages: [BP_LatencyLogger_C_1] LATENCY_LOG,Move,0.217,0.238,0.021
LogBlueprintUserMessages: [BP_LatencyLogger_C_1] LATENCY_LOG,Move,0.238,0.26,0.022
LogBlueprintUserMessages: [BP_LatencyLogger_C_1] LATENCY_LOG,Move,0.26,0.28,0.02
LogBlueprintUserMessages: [BP_LatencyLogger_C_1] LATENCY_LOG,Move,0.28,0.3,0.02
LogBlueprintUserMessages: [BP_LatencyLogger_C_1] LATENCY_LOG,Move,0.3,0.321,0.021
LogBlueprintUserMessages: [BP_LatencyLogger_C_1] LATENCY_LOG,Move,0.321,0.34,0.019
LogBlueprintUserMessages: [BP_LatencyLogger_C_1] LATENCY_LOG,Move,0.34,0.364,0.024
LogBlueprintUserMessages: [BP_LatencyLogger_C_1] LATENCY_LOG,Move,0.364,0.385,0.02
LogBlueprintUserMessages: [BP_LatencyLogger_C_1] LATENCY_LOG,Move,0.385,0.405,0.02
LogBlueprintUserMessages: [BP_LatencyLogger_C_1] LATENCY_LOG,Move,0.405,0.426,0.021
LogBlueprintUserMessages: [BP_LatencyLogger_C_1] LATENCY_LOG,Move,0.426,0.444,0.018
LogBlueprintUserMessages: [BP_LatencyLogger_C_1] LATENCY_LOG,Move,0.444,0.464,0.02
LogBlueprintUserMessages: [BP_LatencyLogger_C_1] LATENCY_LOG,Move,0.464,0.483,0.019
LogBlueprintUserMessages: [BP_LatencyLogger_C_1] LATENCY_LOG,Move,0.483,0.018,0.465
LogBlueprintUserMessages: [BP_LatencyLogger_C_1] LATENCY_LOG,Move,0.018,0.036,0.018
LogBlueprintUserMessages: [BP_LatencyLogger_C_1] LATENCY_LOG,Move,0.036,0.055,0.019
LogBlueprintUserMessages: [BP_LatencyLogger_C_1] LATENCY_LOG,Move,0.055,0.071,0.017
LogBlueprintUserMessages: [BP_LatencyLogger_C_1] LATENCY_LOG,Move,0.071,0.09,0.019
LogBlueprintUserMessages: [BP_LatencyLogger_C_1] LATENCY_LOG,Move,0.09,0.109,0.019
LogBlueprintUserMessages: [BP_LatencyLogger_C_1] LATENCY_LOG,Move,0.109,0.135,0.026
LogBlueprintUserMessages: [BP_LatencyLogger_C_1] LATENCY_LOG,Move,0.135,0.154,0.019
LogBlueprintUserMessages: [BP_LatencyLogger_C_1] LATENCY_LOG,Move,0.154,0.172,0.018
LogBlueprintUserMessages: [BP_LatencyLogger_C_1] LATENCY_LOG,Move,0.172,0.192,0.02
LogBlueprintUserMessages: [BP_LatencyLogger_C_1] LATENCY_LOG,Move,0.192,0.211,0.019
LogBlueprintUserMessages: [BP_LatencyLogger_C_1] LATENCY_LOG,Move,0.211,0.231,0.02
LogBlueprintUserMessages: [BP_LatencyLogger_C_1] LATENCY_LOG,Move,0.231,0.25,0.019
LogBlueprintUserMessages: [BP_LatencyLogger_C_1] LATENCY_LOG,Move,0.25,0.271,0.021
LogBlueprintUserMessages: [BP_LatencyLogger_C_1] LATENCY_LOG,Move,0.271,0.289,0.018
LogBlueprintUserMessages: [BP_LatencyLogger_C_1] LATENCY_LOG,Move,0.289,0.311,0.022
LogBlueprintUserMessages: [BP_LatencyLogger_C_1] LATENCY_LOG,Move,0.311,0.328,0.017
LogBlueprintUserMessages: [BP_LatencyLogger_C_1] LATENCY_LOG,Move,0.328,0.354,0.026
LogBlueprintUserMessages: [BP_LatencyLogger_C_1] LATENCY_LOG,Move,0.354,0.374,0.02
LogBlueprintUserMessages: [BP_LatencyLogger_C_1] LATENCY_LOG,Move,0.374,0.395,0.021
LogBlueprintUserMessages: [BP_LatencyLogger_C_1] LATENCY_LOG,Move,0.395,0.018,0.377
LogBlueprintUserMessages: [BP_LatencyLogger_C_1] LATENCY_LOG,Move,0.018,0.04,0.022
LogBlueprintUserMessages: [BP_LatencyLogger_C_1] LATENCY_LOG,Move,0.04,0.058,0.018
LogBlueprintUserMessages: [BP_LatencyLogger_C_1] LATENCY_LOG,Move,0.058,0.077,0.02
LogBlueprintUserMessages: [BP_LatencyLogger_C_1] LATENCY_LOG,Move,0.077,0.096,0.019
LogBlueprintUserMessages: [BP_LatencyLogger_C_1] LATENCY_LOG,Move,0.096,0.118,0.023
LogBlueprintUserMessages: [BP_LatencyLogger_C_1] LATENCY_LOG,Move,0.118,0.14,0.022
LogBlueprintUserMessages: [BP_LatencyLogger_C_1] LATENCY_LOG,Move,0.14,0.16,0.02
LogBlueprintUserMessages: [BP_LatencyLogger_C_1] LATENCY_LOG,Move,0.16,0.181,0.021
LogBlueprintUserMessages: [BP_LatencyLogger_C_1] LATENCY_LOG,Move,0.181,0.199,0.018
LogBlueprintUserMessages: [BP_LatencyLogger_C_1] LATENCY_LOG,Move,0.199,0.217,0.018
LogBlueprintUserMessages: [BP_LatencyLogger_C_1] LATENCY_LOG,Move,0.217,0.236,0.019
LogBlueprintUserMessages: [BP_LatencyLogger_C_1] LATENCY_LOG,Move,0.236,0.255,0.019
LogBlueprintUserMessages: [BP_LatencyLogger_C_1] LATENCY_LOG,Move,0.255,0.275,0.02
LogBlueprintUserMessages: [BP_LatencyLogger_C_1] LATENCY_LOG,Move,0.275,0.294,0.019
LogBlueprintUserMessages: [BP_LatencyLogger_C_1] LATENCY_LOG,Move,0.294,0.313,0.019
LogBlueprintUserMessages: [BP_LatencyLogger_C_1] LATENCY_LOG,Move,0.313,0.334,0.021
LogBlueprintUserMessages: [BP_LatencyLogger_C_1] LATENCY_LOG,Move,0.334,0.352,0.018
LogBlueprintUserMessages: [BP_LatencyLogger_C_1] LATENCY_LOG,Move,0.352,0.373,0.022
LogBlueprintUserMessages: [BP_LatencyLogger_C_1] LATENCY_LOG,Move,0.373,0.391,0.018
LogBlueprintUserMessages: [BP_LatencyLogger_C_1] LATENCY_LOG,Move,0.391,0.414,0.023
LogBlueprintUserMessages: [BP_LatencyLogger_C_1] LATENCY_LOG,Move,0.414,0.442,0.027
LogBlueprintUserMessages: [BP_LatencyLogger_C_1] LATENCY_LOG,Move,0.442,0.463,0.021
LogBlueprintUserMessages: [BP_LatencyLogger_C_1] LATENCY_LOG,Move,0.463,0.483,0.02
LogBlueprintUserMessages: [BP_LatencyLogger_C_1] LATENCY_LOG,Move,0.483,0.503,0.021
LogBlueprintUserMessages: [BP_LatencyLogger_C_1] LATENCY_LOG,Move,0.503,0.521,0.018
LogBlueprintUserMessages: [BP_LatencyLogger_C_1] LATENCY_LOG,Move,0.521,0.54,0.019
LogBlueprintUserMessages: [BP_LatencyLogger_C_1] LATENCY_LOG,Move,0.54,0.02,0.52
LogBlueprintUserMessages: [BP_LatencyLogger_C_1] LATENCY_LOG,Move,0.02,0.036,0.017
LogBlueprintUserMessages: [BP_LatencyLogger_C_1] LATENCY_LOG,Move,0.036,0.058,0.022
LogBlueprintUserMessages: [BP_LatencyLogger_C_1] LATENCY_LOG,Move,0.058,0.075,0.017
LogBlueprintUserMessages: [BP_LatencyLogger_C_1] LATENCY_LOG,Move,0.075,0.093,0.019
LogBlueprintUserMessages: [BP_LatencyLogger_C_1] LATENCY_LOG,Move,0.093,0.113,0.019
LogBlueprintUserMessages: [BP_LatencyLogger_C_1] LATENCY_LOG,Move,0.113,0.131,0.018
LogBlueprintUserMessages: [BP_LatencyLogger_C_1] LATENCY_LOG,Move,0.131,0.153,0.022
LogBlueprintUserMessages: [BP_LatencyLogger_C_1] LATENCY_LOG,Move,0.153,0.174,0.021
LogBlueprintUserMessages: [BP_LatencyLogger_C_1] LATENCY_LOG,Move,0.174,0.192,0.018
LogBlueprintUserMessages: [BP_LatencyLogger_C_1] LATENCY_LOG,Move,0.192,0.212,0.02
LogBlueprintUserMessages: [BP_LatencyLogger_C_1] LATENCY_LOG,Move,0.212,0.23,0.017
LogBlueprintUserMessages: [BP_LatencyLogger_C_1] LATENCY_LOG,Move,0.23,0.251,0.021
LogBlueprintUserMessages: [BP_LatencyLogger_C_1] LATENCY_LOG,Move,0.251,0.269,0.017
LogBlueprintUserMessages: [BP_LatencyLogger_C_1] LATENCY_LOG,Move,0.269,0.288,0.02
LogBlueprintUserMessages: [BP_LatencyLogger_C_1] LATENCY_LOG,Move,0.288,0.306,0.018
LogBlueprintUserMessages: [BP_LatencyLogger_C_1] LATENCY_LOG,Move,0.306,0.328,0.022
LogBlueprintUserMessages: [BP_LatencyLogger_C_1] LATENCY_LOG,Move,0.328,0.347,0.02
LogBlueprintUserMessages: [BP_LatencyLogger_C_1] LATENCY_LOG,Move,0.347,0.368,0.021
LogBlueprintUserMessages: [BP_LatencyLogger_C_1] LATENCY_LOG,Move,0.368,0.396,0.027
LogBlueprintUserMessages: [BP_LatencyLogger_C_1] LATENCY_LOG,Move,0.396,0.416,0.021
LogBlueprintUserMessages: [BP_LatencyLogger_C_1] LATENCY_LOG,Move,0.416,0.02,0.396
LogBlueprintUserMessages: [BP_LatencyLogger_C_1] LATENCY_LOG,Move,0.02,0.043,0.023
LogBlueprintUserMessages: [BP_LatencyLogger_C_1] LATENCY_LOG,Move,0.043,0.063,0.02
LogBlueprintUserMessages: [BP_LatencyLogger_C_1] LATENCY_LOG,Move,0.063,0.085,0.022
LogBlueprintUserMessages: [BP_LatencyLogger_C_1] LATENCY_LOG,Move,0.085,0.105,0.02
LogBlueprintUserMessages: [BP_LatencyLogger_C_1] LATENCY_LOG,Move,0.105,0.126,0.02
LogBlueprintUserMessages: [BP_LatencyLogger_C_1] LATENCY_LOG,Move,0.126,0.148,0.022
LogBlueprintUserMessages: [BP_LatencyLogger_C_1] LATENCY_LOG,Move,0.148,0.166,0.019
LogBlueprintUserMessages: [BP_LatencyLogger_C_1] LATENCY_LOG,Move,0.166,0.186,0.02
LogBlueprintUserMessages: [BP_LatencyLogger_C_1] LATENCY_LOG,Move,0.186,0.207,0.021
LogBlueprintUserMessages: [BP_LatencyLogger_C_1] LATENCY_LOG,Move,0.207,0.226,0.019
LogBlueprintUserMessages: [BP_LatencyLogger_C_1] LATENCY_LOG,Move,0.226,0.245,0.019
LogBlueprintUserMessages: [BP_LatencyLogger_C_1] LATENCY_LOG,Move,0.245,0.266,0.021
LogBlueprintUserMessages: [BP_LatencyLogger_C_1] LATENCY_LOG,Move,0.266,0.284,0.018
LogBlueprintUserMessages: [BP_LatencyLogger_C_1] LATENCY_LOG,Move,0.284,0.306,0.022
LogBlueprintUserMessages: [BP_LatencyLogger_C_1] LATENCY_LOG,Move,0.306,0.325,0.019
LogBlueprintUserMessages: [BP_LatencyLogger_C_1] LATENCY_LOG,Move,0.325,0.348,0.023
LogBlueprintUserMessages: [BP_LatencyLogger_C_1] LATENCY_LOG,Move,0.348,0.367,0.019
LogBlueprintUserMessages: [BP_LatencyLogger_C_1] LATENCY_LOG,Move,0.367,0.388,0.021
LogBlueprintUserMessages: [BP_LatencyLogger_C_1] LATENCY_LOG,Move,0.388,0.412,0.024
LogBlueprintUserMessages: [BP_LatencyLogger_C_1] LATENCY_LOG,Move,0.412,0.442,0.03
LogBlueprintUserMessages: [BP_LatencyLogger_C_1] LATENCY_LOG,Move,0.442,0.467,0.025
LogBlueprintUserMessages: [BP_LatencyLogger_C_1] LATENCY_LOG,Move,0.467,0.49,0.023
LogBlueprintUserMessages: [BP_LatencyLogger_C_1] LATENCY_LOG,Move,0.49,0.51,0.019
LogBlueprintUserMessages: [BP_LatencyLogger_C_1] LATENCY_LOG,Move,0.51,0.53,0.02
LogBlueprintUserMessages: [BP_LatencyLogger_C_1] LATENCY_LOG,Move,0.53,0.549,0.019
LogBlueprintUserMessages: [BP_LatencyLogger_C_1] LATENCY_LOG,Move,0.549,0.569,0.02
LogBlueprintUserMessages: [BP_LatencyLogger_C_1] LATENCY_LOG,Move,0.569,0.587,0.018
LogBlueprintUserMessages: [BP_LatencyLogger_C_1] LATENCY_LOG,Move,0.587,0.608,0.021
LogBlueprintUserMessages: [BP_LatencyLogger_C_1] LATENCY_LOG,Move,0.608,0.625,0.017
LogBlueprintUserMessages: [BP_LatencyLogger_C_1] LATENCY_LOG,Move,0.625,0.643,0.018
LogBlueprintUserMessages: [BP_LatencyLogger_C_1] LATENCY_LOG,Move,0.643,0.662,0.018
LogBlueprintUserMessages: [BP_LatencyLogger_C_1] LATENCY_LOG,Move,0.662,0.683,0.021
LogBlueprintUserMessages: [BP_LatencyLogger_C_1] LATENCY_LOG,Move,0.683,0.701,0.018
LogBlueprintUserMessages: [BP_LatencyLogger_C_1] LATENCY_LOG,Move,0.701,0.719,0.019
LogBlueprintUserMessages: [BP_LatencyLogger_C_1] LATENCY_LOG,Move,0.719,0.738,0.019
LogBlueprintUserMessages: [BP_LatencyLogger_C_1] LATENCY_LOG,Move,0.738,0.756,0.018
LogBlueprintUserMessages: [BP_LatencyLogger_C_1] LATENCY_LOG,Move,0.756,0.775,0.018
LogBlueprintUserMessages: [BP_LatencyLogger_C_1] LATENCY_LOG,Move,0.775,0.794,0.019
LogBlueprintUserMessages: [BP_LatencyLogger_C_1] LATENCY_LOG,Move,0.794,0.814,0.021
LogBlueprintUserMessages: [BP_LatencyLogger_C_1] LATENCY_LOG,Move,0.814,0.836,0.022
LogBlueprintUserMessages: [BP_LatencyLogger_C_1] LATENCY_LOG,Move,0.836,0.856,0.02
LogBlueprintUserMessages: [BP_LatencyLogger_C_1] LATENCY_LOG,Move,0.856,0.875,0.019
LogBlueprintUserMessages: [BP_LatencyLogger_C_1] LATENCY_LOG,Move,0.875,0.894,0.019
LogBlueprintUserMessages: [BP_LatencyLogger_C_1] LATENCY_LOG,Move,0.894,0.914,0.02
LogBlueprintUserMessages: [BP_LatencyLogger_C_1] LATENCY_LOG,Move,0.914,0.939,0.025
LogBlueprintUserMessages: [BP_LatencyLogger_C_1] LATENCY_LOG,Move,0.939,0.962,0.024
LogBlueprintUserMessages: [BP_LatencyLogger_C_1] LATENCY_LOG,Move,0.962,0.024,0.938
LogBlueprintUserMessages: [BP_LatencyLogger_C_1] LATENCY_LOG,Move,0.024,0.046,0.022
LogBlueprintUserMessages: [BP_LatencyLogger_C_1] LATENCY_LOG,Move,0.046,0.07,0.024
LogBlueprintUserMessages: [BP_LatencyLogger_C_1] LATENCY_LOG,Move,0.07,0.092,0.022
LogBlueprintUserMessages: [BP_LatencyLogger_C_1] LATENCY_LOG,Move,0.092,0.111,0.019
LogBlueprintUserMessages: [BP_LatencyLogger_C_1] LATENCY_LOG,Move,0.111,0.132,0.022
LogBlueprintUserMessages: [BP_LatencyLogger_C_1] LATENCY_LOG,Move,0.132,0.153,0.021
LogBlueprintUserMessages: [BP_LatencyLogger_C_1] LATENCY_LOG,Move,0.153,0.174,0.021
LogBlueprintUserMessages: [BP_LatencyLogger_C_1] LATENCY_LOG,Move,0.174,0.193,0.019
LogBlueprintUserMessages: [BP_LatencyLogger_C_1] LATENCY_LOG,Move,0.193,0.215,0.022
LogBlueprintUserMessages: [BP_LatencyLogger_C_1] LATENCY_LOG,Move,0.215,0.233,0.018
LogBlueprintUserMessages: [BP_LatencyLogger_C_1] LATENCY_LOG,Move,0.233,0.253,0.02
LogBlueprintUserMessages: [BP_LatencyLogger_C_1] LATENCY_LOG,Move,0.253,0.273,0.019
LogBlueprintUserMessages: [BP_LatencyLogger_C_1] LATENCY_LOG,Move,0.273,0.295,0.023
LogBlueprintUserMessages: [BP_LatencyLogger_C_1] LATENCY_LOG,Move,0.295,0.315,0.019
LogBlueprintUserMessages: [BP_LatencyLogger_C_1] LATENCY_LOG,Move,0.315,0.334,0.02
LogBlueprintUserMessages: [BP_LatencyLogger_C_1] LATENCY_LOG,Move,0.334,0.354,0.02
LogBlueprintUserMessages: [BP_LatencyLogger_C_1] LATENCY_LOG,Move,0.354,0.373,0.019
LogBlueprintUserMessages: [BP_LatencyLogger_C_1] LATENCY_LOG,Move,0.373,0.391,0.018
LogBlueprintUserMessages: [BP_LatencyLogger_C_1] LATENCY_LOG,Move,0.391,0.414,0.023
LogBlueprintUserMessages: [BP_LatencyLogger_C_1] LATENCY_LOG,Move,0.414,0.434,0.019
LogBlueprintUserMessages: [BP_LatencyLogger_C_1] LATENCY_LOG,Move,0.434,0.463,0.029
LogBlueprintUserMessages: [BP_LatencyLogger_C_1] LATENCY_LOG,Move,0.463,0.488,0.025
LogBlueprintUserMessages: [BP_LatencyLogger_C_1] LATENCY_LOG,Move,0.488,0.51,0.021
LogBlueprintUserMessages: [BP_LatencyLogger_C_1] LATENCY_LOG,Move,0.51,0.528,0.018
LogBlueprintUserMessages: [BP_LatencyLogger_C_1] LATENCY_LOG,Move,0.528,0.549,0.021
LogBlueprintUserMessages: [BP_LatencyLogger_C_1] LATENCY_LOG,Move,0.549,0.566,0.017
LogBlueprintUserMessages: [BP_LatencyLogger_C_1] LATENCY_LOG,Move,0.566,0.587,0.021
LogBlueprintUserMessages: [BP_LatencyLogger_C_1] LATENCY_LOG,Move,0.587,0.604,0.017
LogBlueprintUserMessages: [BP_LatencyLogger_C_1] LATENCY_LOG,Move,0.604,0.623,0.019
LogBlueprintUserMessages: [BP_LatencyLogger_C_1] LATENCY_LOG,Move,0.623,0.64,0.017
LogBlueprintUserMessages: [BP_LatencyLogger_C_1] LATENCY_LOG,Move,0.64,0.661,0.021
LogBlueprintUserMessages: [BP_LatencyLogger_C_1] LATENCY_LOG,Move,0.661,0.679,0.019
LogBlueprintUserMessages: [BP_LatencyLogger_C_1] LATENCY_LOG,Move,0.679,0.698,0.019
LogBlueprintUserMessages: [BP_LatencyLogger_C_1] LATENCY_LOG,Move,0.698,0.721,0.022
LogBlueprintUserMessages: [BP_LatencyLogger_C_1] LATENCY_LOG,Move,0.721,0.739,0.018
LogBlueprintUserMessages: [BP_LatencyLogger_C_1] LATENCY_LOG,Move,0.739,0.758,0.02
LogBlueprintUserMessages: [BP_LatencyLogger_C_1] LATENCY_LOG,Move,0.758,0.775,0.017
LogBlueprintUserMessages: [BP_LatencyLogger_C_1] LATENCY_LOG,Move,0.775,0.796,0.021
LogBlueprintUserMessages: [BP_LatencyLogger_C_1] LATENCY_LOG,Move,0.796,0.815,0.019
LogBlueprintUserMessages: [BP_LatencyLogger_C_1] LATENCY_LOG,Move,0.815,0.833,0.018
LogBlueprintUserMessages: [BP_LatencyLogger_C_1] LATENCY_LOG,Move,0.833,0.853,0.02
LogBlueprintUserMessages: [BP_LatencyLogger_C_1] LATENCY_LOG,Move,0.853,0.871,0.018
LogBlueprintUserMessages: [BP_LatencyLogger_C_1] LATENCY_LOG,Move,0.871,0.896,0.025
LogBlueprintUserMessages: [BP_LatencyLogger_C_1] LATENCY_LOG,Move,0.896,0.019,0.877
LogBlueprintUserMessages: [BP_LatencyLogger_C_1] LATENCY_LOG,Move,0.019,0.047,0.027
LogBlueprintUserMessages: [BP_LatencyLogger_C_1] LATENCY_LOG,Move,0.047,0.066,0.02
LogBlueprintUserMessages: [BP_LatencyLogger_C_1] LATENCY_LOG,Move,0.066,0.087,0.021
LogBlueprintUserMessages: [BP_LatencyLogger_C_1] LATENCY_LOG,Move,0.087,0.106,0.018
LogBlueprintUserMessages: [BP_LatencyLogger_C_1] LATENCY_LOG,Move,0.106,0.125,0.019
LogBlueprintUserMessages: [BP_LatencyLogger_C_1] LATENCY_LOG,Move,0.125,0.144,0.018
LogBlueprintUserMessages: [BP_LatencyLogger_C_1] LATENCY_LOG,Move,0.144,0.165,0.021
LogBlueprintUserMessages: [BP_LatencyLogger_C_1] LATENCY_LOG,Move,0.165,0.182,0.017
LogBlueprintUserMessages: [BP_LatencyLogger_C_1] LATENCY_LOG,Move,0.182,0.2,0.018
LogBlueprintUserMessages: [BP_LatencyLogger_C_1] LATENCY_LOG,Move,0.2,0.218,0.018
LogBlueprintUserMessages: [BP_LatencyLogger_C_1] LATENCY_LOG,Move,0.218,0.239,0.02
LogBlueprintUserMessages: [BP_LatencyLogger_C_1] LATENCY_LOG,Move,0.239,0.258,0.02
LogBlueprintUserMessages: [BP_LatencyLogger_C_1] LATENCY_LOG,Move,0.258,0.278,0.019
LogBlueprintUserMessages: [BP_LatencyLogger_C_1] LATENCY_LOG,Move,0.278,0.297,0.019
LogBlueprintUserMessages: [BP_LatencyLogger_C_1] LATENCY_LOG,Move,0.297,0.316,0.02
LogBlueprintUserMessages: [BP_LatencyLogger_C_1] LATENCY_LOG,Move,0.316,0.336,0.02
LogBlueprintUserMessages: [BP_LatencyLogger_C_1] LATENCY_LOG,Move,0.336,0.354,0.018
LogBlueprintUserMessages: [BP_LatencyLogger_C_1] LATENCY_LOG,Move,0.354,0.373,0.019
LogBlueprintUserMessages: [BP_LatencyLogger_C_1] LATENCY_LOG,Move,0.373,0.392,0.019
LogBlueprintUserMessages: [BP_LatencyLogger_C_1] LATENCY_LOG,Move,0.392,0.412,0.019
LogBlueprintUserMessages: [BP_LatencyLogger_C_1] LATENCY_LOG,Move,0.412,0.431,0.02
LogBlueprintUserMessages: [BP_LatencyLogger_C_1] LATENCY_LOG,Move,0.431,0.449,0.018
LogBlueprintUserMessages: [BP_LatencyLogger_C_1] LATENCY_LOG,Move,0.449,0.472,0.023
LogBlueprintUserMessages: [BP_LatencyLogger_C_1] LATENCY_LOG,Move,0.472,0.492,0.02
LogBlueprintUserMessages: [BP_LatencyLogger_C_1] LATENCY_LOG,Move,0.492,0.514,0.022
LogBlueprintUserMessages: [BP_LatencyLogger_C_1] LATENCY_LOG,Move,0.514,0.537,0.023
LogBlueprintUserMessages: [BP_LatencyLogger_C_1] LATENCY_LOG,Move,0.537,0.567,0.03