LogBlueprintUserMessages: [BP_LatencyLogger_C_1] LATENCY_LOG,Move,0.022,0.045,0.023
LogBlueprintUserMessages: [BP_LatencyLogger_C_1] LATENCY_LOG,Move,0.045,0.065,0.02
LogBlueprintUserMessages: [BP_LatencyLogger_C_1] LATENCY_LOG,Move,0.065,0.087,0.022
LogBlueprintUserMessages: [BP_LatencyLogger_C_1] LATENCY_LOG,Move,0.087,0.022,0.064
LogBlueprintUserMessages: [BP_LatencyLogger_C_1] LATENCY_LOG,Move,0.022,0.057,0.034
LogBlueprintUserMessages: [BP_LatencyLogger_C_1] LATENCY_LOG,Move,0.057,0.08,0.023
LogBlueprintUserMessages: [BP_LatencyLogger_C_1] LATENCY_LOG,Move,0.08,0.104,0.024
LogBlueprintUserMessages: [BP_LatencyLogger_C_1] LATENCY_LOG,Move,0.104,0.125,0.021
LogBlueprintUserMessages: [BP_LatencyLogger_C_1] LATENCY_LOG,Move,0.125,0.147,0.022
LogBlueprintUserMessages: [BP_LatencyLogger_C_1] LATENCY_LOG,Move,0.147,0.17,0.023
LogBlueprintUserMessages: [BP_LatencyLogger_C_1] LATENCY_LOG,Move,0.17,0.194,0.024
LogBlueprintUserMessages: [BP_LatencyLogger_C_1] LATENCY_LOG,Move,0.194,0.215,0.02
LogBlueprintUserMessages: [BP_LatencyLogger_C_1] LATENCY_LOG,Move,0.215,0.238,0.024
LogBlueprintUserMessages: [BP_LatencyLogger_C_1] LATENCY_LOG,Move,0.238,0.259,0.02
LogBlueprintUserMessages: [BP_LatencyLogger_C_1] LATENCY_LOG,Move,0.259,0.28,0.022
LogBlueprintUserMessages: [BP_LatencyLogger_C_1] LATENCY_LOG,Move,0.28,0.305,0.025
LogBlueprintUserMessages: [BP_LatencyLogger_C_1] LATENCY_LOG,Move,0.305,0.328,0.023
LogBlueprintUserMessages: [BP_LatencyLogger_C_1] LATENCY_LOG,Move,0.328,0.347,0.02
LogBlueprintUserMessages: [BP_LatencyLogger_C_1] LATENCY_LOG,Move,0.347,0.368,0.02
LogBlueprintUserMessages: [BP_LatencyLogger_C_1] LATENCY_LOG,Move,0.368,0.391,0.024
LogBlueprintUserMessages: [BP_LatencyLogger_C_1] LATENCY_LOG,Move,0.391,0.415,0.024
LogBlueprintUserMessages: [BP_LatencyLogger_C_1] LATENCY_LOG,Move,0.415,0.437,0.022
LogBlueprintUserMessages: [BP_LatencyLogger_C_1] LATENCY_LOG,Move,0.437,0.462,0.025
LogBlueprintUserMessages: [BP_LatencyLogger_C_1] LATENCY_LOG,Move,0.462,0.487,0.025
LogBlueprintUserMessages: [BP_LatencyLogger_C_1] LATENCY_LOG,Move,0.487,0.509,0.022
LogBlueprintUserMessages: [BP_LatencyLogger_C_1] LATENCY_LOG,Move,0.509,0.53,0.022
LogBlueprintUserMessages: [BP_LatencyLogger_C_1] LATENCY_LOG,Move,0.53,0.562,0.032
LogBlueprintUserMessages: [BP_LatencyLogger_C_1] LATENCY_LOG,Move,0.562,0.585,0.023
LogBlueprintUserMessages: [BP_LatencyLogger_C_1] LATENCY_LOG,Move,0.585,0.607,0.021
LogBlueprintUserMessages: [BP_LatencyLogger_C_1] LATENCY_LOG,Move,0.607,0.631,0.025
LogBlueprintUserMessages: [BP_LatencyLogger_C_1] LATENCY_LOG,Move,0.631,0.023,0.609
LogBlueprintUserMessages: [BP_LatencyLogger_C_1] LATENCY_LOG,Move,0.023,0.048,0.025
LogBlueprintUserMessages: [BP_LatencyLogger_C_1] LATENCY_LOG,Move,0.048,0.074,0.026
LogBlueprintUserMessages: [BP_LatencyLogger_C_1] LATENCY_LOG,Move,0.074,0.096,0.021
LogBlueprintUserMessages: [BP_LatencyLogger_C_1] LATENCY_LOG,Move,0.096,0.118,0.022
LogBlueprintUserMessages: [BP_LatencyLogger_C_1] LATENCY_LOG,Move,0.118,0.14,0.023
LogBlueprintUserMessages: [BP_LatencyLogger_C_1] LATENCY_LOG,Move,0.14,0.167,0.027
LogBlueprintUserMessages: [BP_LatencyLogger_C_1] LATENCY_LOG,Move,0.167,0.186,0.019
LogBlueprintUserMessages: [BP_LatencyLogger_C_1] LATENCY_LOG,Move,0.186,0.209,0.023
LogBlueprintUserMessages: [BP_LatencyLogger_C_1] LATENCY_LOG,Move,0.209,0.231,0.022
LogBlueprintUserMessages: [BP_LatencyLogger_C_1] LATENCY_LOG,Move,0.231,0.255,0.024
LogBlueprintUserMessages: [BP_LatencyLogger_C_1] LATENCY_LOG,Move,0.255,0.278,0.023
LogBlueprintUserMessages: [BP_LatencyLogger_C_1] LATENCY_LOG,Move,0.278,0.301,0.023
LogBlueprintUserMessages: [BP_LatencyLogger_C_1] LATENCY_LOG,Move,0.301,0.324,0.023
LogBlueprintUserMessages: [BP_LatencyLogger_C_1] LATENCY_LOG,Move,0.324,0.344,0.021
LogBlueprintUserMessages: [BP_LatencyLogger_C_1] LATENCY_LOG,Move,0.344,0.369,0.024
LogBlueprintUserMessages: [BP_LatencyLogger_C_1] LATENCY_LOG,Move,0.369,0.389,0.02
LogBlueprintUserMessages: [BP_LatencyLogger_C_1] LATENCY_LOG,Move,0.389,0.42,0.031
LogBlueprintUserMessages: [BP_LatencyLogger_C_1] LATENCY_LOG,Move,0.42,0.442,0.022
LogBlueprintUserMessages: [BP_LatencyLogger_C_1] LATENCY_LOG,Move,0.442,0.463,0.021
LogBlueprintUserMessages: [BP_LatencyLogger_C_1] LATENCY_LOG,Move,0.463,0.487,0.023
LogBlueprintUserMessages: [BP_LatencyLogger_C_1] LATENCY_LOG,Move,0.487,0.509,0.022
LogBlueprintUserMessages: [BP_LatencyLogger_C_1] LATENCY_LOG,Move,0.509,0.527,0.019
LogBlueprintUserMessages: [BP_LatencyLogger_C_1] LATENCY_LOG,Move,0.527,0.552,0.025
LogBlueprintUserMessages: [BP_LatencyLogger_C_1] LATENCY_LOG,Move,0.552,0.58,0.028
LogBlueprintUserMessages: [BP_LatencyLogger_C_1] LATENCY_LOG,Move,0.58,0.6,0.019
LogBlueprintUserMessages: [BP_LatencyLogger_C_1] LATENCY_LOG,Move,0.6,0.622,0.022
LogBlueprintUserMessages: [BP_LatencyLogger_C_1] LATENCY_LOG,Move,0.622,0.646,0.025
LogBlueprintUserMessages: [BP_LatencyLogger_C_1] LATENCY_LOG,Move,0.646,0.667,0.021
LogBlueprintUserMessages: [BP_LatencyLogger_C_1] LATENCY_LOG,Move,0.667,0.69,0.023
LogBlueprintUserMessages: [BP_LatencyLogger_C_1] LATENCY_LOG,Move,0.69,0.712,0.022
LogBlueprintUserMessages: [BP_LatencyLogger_C_1] LATENCY_LOG,Move,0.712,0.736,0.024
LogBlueprintUserMessages: [BP_LatencyLogger_C_1] LATENCY_LOG,Move,0.736,0.76,0.024
LogBlueprintUserMessages: [BP_LatencyLogger_C_1] LATENCY_LOG,Move,0.76,0.782,0.022
LogBlueprintUserMessages: [BP_LatencyLogger_C_1] LATENCY_LOG,Move,0.782,0.805,0.024
LogBlueprintUserMessages: [BP_LatencyLogger_C_1] LATENCY_LOG,Move,0.805,0.83,0.025
LogBlueprintUserMessages: [BP_LatencyLogger_C_1] LATENCY_LOG,Move,0.83,0.852,0.022
LogBlueprintUserMessages: [BP_LatencyLogger_C_1] LATENCY_LOG,Move,0.852,0.875,0.022
LogBlueprintUserMessages: [BP_LatencyLogger_C_1] LATENCY_LOG,Move,0.875,0.9,0.025
LogBlueprintUserMessages: [BP_LatencyLogger_C_1] LATENCY_LOG,Move,0.9,0.929,0.029
LogBlueprintUserMessages: [BP_LatencyLogger_C_1] LATENCY_LOG,Move,0.929,0.953,0.024
LogBlueprintUserMessages: [BP_LatencyLogger_C_1] LATENCY_LOG,Move,0.953,0.977,0.024
LogBlueprintUserMessages: [BP_LatencyLogger_C_1] LATENCY_LOG,Move,0.977,1,0.023
LogBlueprintUserMessages: [BP_LatencyLogger_C_1] LATENCY_LOG,Move,1,1.023,0.023
LogBlueprintUserMessages: [BP_LatencyLogger_C_1] LATENCY_LOG,Move,1.023,1.049,0.026
LogBlueprintUserMessages: [BP_LatencyLogger_C_1] LATENCY_LOG,Move,1.049,1.071,0.022
LogBlueprintUserMessages: [BP_LatencyLogger_C_1] LATENCY_LOG,Move,1.071,1.095,0.023
LogBlueprintUserMessages: [BP_LatencyLogger_C_1] LATENCY_LOG,Move,1.095,1.117,0.023
LogBlueprintUserMessages: [BP_LatencyLogger_C_1] LATENCY_LOG,Move,1.117,1.139,0.022
LogBlueprintUserMessages: [BP_LatencyLogger_C_1] LATENCY_LOG,Move,1.139,1.161,0.022
LogBlueprintUserMessages: [BP_LatencyLogger_C_1] LATENCY_LOG,Move,1.161,1.185,0.024
LogBlueprintUserMessages: [BP_LatencyLogger_C_1] LATENCY_LOG,Move,1.185,1.208,0.023
LogBlueprintUserMessages: [BP_LatencyLogger_C_1] LATENCY_LOG,Move,1.208,1.229,0.021
LogBlueprintUserMessages: [BP_LatencyLogger_C_1] LATENCY_LOG,Move,1.229,1.253,0.024
LogBlueprintUserMessages: [BP_LatencyLogger_C_1] LATENCY_LOG,Move,1.253,1.278,0.025
LogBlueprintUserMessages: [BP_LatencyLogger_C_1] LATENCY_LOG,Move,1.278,1.302,0.024
LogBlueprintUserMessages: [BP_LatencyLogger_C_1] LATENCY_LOG,Move,1.302,1.324,0.022
LogBlueprintUserMessages: [BP_LatencyLogger_C_1] LATENCY_LOG,Move,1.324,1.349,0.025
LogBlueprintUserMessages: [BP_LatencyLogger_C_1] LATENCY_LOG,Move,1.349,1.374,0.025
LogBlueprintUserMessages: [BP_LatencyLogger_C_1] LATENCY_LOG,Move,1.374,1.397,0.023
LogBlueprintUserMessages: [BP_LatencyLogger_C_1] LATENCY_LOG,Move,1.397,1.419,0.023
LogBlueprintUserMessages: [BP_LatencyLogger_C_1] LATENCY_LOG,Move,1.419,1.449,0.03
LogBlueprintUserMessages: [BP_LatencyLogger_C_1] LATENCY_LOG,Move,1.449,1.472,0.023
LogBlueprintUserMessages: [BP_LatencyLogger_C_1] LATENCY_LOG,Move,1.472,1.495,0.024
LogBlueprintUserMessages: [BP_LatencyLogger_C_1] LATENCY_LOG,Move,1.495,1.517,0.022
LogBlueprintUserMessages: [BP_LatencyLogger_C_1] LATENCY_LOG,Move,1.517,1.538,0.021
LogBlueprintUserMessages: [BP_LatencyLogger_C_1] LATENCY_LOG,Move,1.538,1.56,0.022
LogBlueprintUserMessages: [BP_LatencyLogger_C_1] LATENCY_LOG,Move,1.56,1.584,0.024
LogBlueprintUserMessages: [BP_LatencyLogger_C_1] LATENCY_LOG,Move,1.584,1.605,0.021
LogBlueprintUserMessages: [BP_LatencyLogger_C_1] LATENCY_LOG,Move,1.605,1.628,0.023
LogBlueprintUserMessages: [BP_LatencyLogger_C_1] LATENCY_LOG,Move,1.628,1.651,0.024
LogBlueprintUserMessages: [BP_LatencyLogger_C_1] LATENCY_LOG,Move,1.651,1.673,0.021
LogBlueprintUserMessages: [BP_LatencyLogger_C_1] LATENCY_LOG,Move,1.673,1.696,0.023
LogBlueprintUserMessages: [BP_LatencyLogger_C_1] LATENCY_LOG,Move,1.696,1.721,0.025
LogBlueprintUserMessages: [BP_LatencyLogger_C_1] LATENCY_LOG,Move,1.721,1.746,0.025
LogBlueprintUserMessages: [BP_LatencyLogger_C_1] LATENCY_LOG,Move,1.746,0.021,1.725
LogBlueprintUserMessages: [BP_LatencyLogger_C_1] LATENCY_LOG,Move,0.021,0.045,0.023
LogBlueprintUserMessages: [BP_LatencyLogger_C_1] LATENCY_LOG,Move,0.045,0.067,0.022
LogBlueprintUserMessages: [BP_LatencyLogger_C_1] LATENCY_LOG,Move,0.067,0.09,0.023
LogBlueprintUserMessages: [BP_LatencyLogger_C_1] LATENCY_LOG,Move,0.09,0.112,0.021
LogBlueprintUserMessages: [BP_LatencyLogger_C_1] LATENCY_LOG,Move,0.112,0.134,0.022
LogBlueprintUserMessages: [BP_LatencyLogger_C_1] LATENCY_LOG,Move,0.134,0.163,0.029
LogBlueprintUserMessages: [BP_LatencyLogger_C_1] LATENCY_LOG,Move,0.163,0.191,0.028
LogBlueprintUserMessages: [BP_LatencyLogger_C_1] LATENCY_LOG,Move,0.191,0.21,0.019
LogBlueprintUserMessages: [BP_LatencyLogger_C_1] LATENCY_LOG,Move,0.21,0.235,0.025
LogBlueprintUserMessages: [BP_LatencyLogger_C_1] LATENCY_LOG,Move,0.235,0.261,0.025
LogBlueprintUserMessages: [BP_LatencyLogger_C_1] LATENCY_LOG,Move,0.261,0.283,0.022
LogBlueprintUserMessages: [BP_LatencyLogger_C_1] LATENCY_LOG,Move,0.283,0.305,0.022
LogBlueprintUserMessages: [BP_LatencyLogger_C_1] LATENCY_LOG,Move,0.305,0.329,0.024
LogBlueprintUserMessages: [BP_LatencyLogger_C_1] LATENCY_LOG,Move,0.329,0.354,0.025
LogBlueprintUserMessages: [BP_LatencyLogger_C_1] LATENCY_LOG,Move,0.354,0.377,0.024
LogBlueprintUserMessages: [BP_LatencyLogger_C_1] LATENCY_LOG,Move,0.377,0.402,0.024
LogBlueprintUserMessages: [BP_LatencyLogger_C_1] LATENCY_LOG,Move,0.402,0.436,0.034
LogBlueprintUserMessages: [BP_LatencyLogger_C_1] LATENCY_LOG,Move,0.436,0.458,0.022
LogBlueprintUserMessages: [BP_LatencyLogger_C_1] LATENCY_LOG,Move,0.458,0.48,0.022
LogBlueprintUserMessages: [BP_LatencyLogger_C_1] LATENCY_LOG,Move,0.48,0.505,0.025
LogBlueprintUserMessages: [BP_LatencyLogger_C_1] LATENCY_LOG,Move,0.505,0.527,0.023
LogBlueprintUserMessages: [BP_LatencyLogger_C_1] LATENCY_LOG,Move,0.527,0.55,0.023
LogBlueprintUserMessages: [BP_LatencyLogger_C_1] LATENCY_LOG,Move,0.55,0.575,0.024
LogBlueprintUserMessages: [BP_LatencyLogger_C_1] LATENCY_LOG,Move,0.575,0.597,0.023
LogBlueprintUserMessages: [BP_LatencyLogger_C_1] LATENCY_LOG,Move,0.597,0.621,0.024
LogBlueprintUserMessages: [BP_LatencyLogger_C_1] LATENCY_LOG,Move,0.621,0.648,0.027
LogBlueprintUserMessages: [BP_LatencyLogger_C_1] LATENCY_LOG,Move,0.648,0.681,0.033
LogBlueprintUserMessages: [BP_LatencyLogger_C_1] LATENCY_LOG,Move,0.681,0.707,0.026
LogBlueprintUserMessages: [BP_LatencyLogger_C_1] LATENCY_LOG,Move,0.707,0.728,0.02
LogBlueprintUserMessages: [BP_LatencyLogger_C_1] LATENCY_LOG,Move,0.728,0.752,0.024
LogBlueprintUserMessages: [BP_LatencyLogger_C_1] LATENCY_LOG,Move,0.752,0.777,0.026
LogBlueprintUserMessages: [BP_LatencyLogger_C_1] LATENCY_LOG,Move,0.777,0.802,0.024
LogBlueprintUserMessages: [BP_LatencyLogger_C_1] LATENCY_LOG,Move,0.802,0.827,0.025
LogBlueprintUserMessages: [BP_LatencyLogger_C_1] LATENCY_LOG,Move,0.827,0.852,0.025
LogBlueprintUserMessages: [BP_LatencyLogger_C_1] LATENCY_LOG,Move,0.852,0.877,0.025
LogBlueprintUserMessages: [BP_LatencyLogger_C_1] LATENCY_LOG,Move,0.877,0.901,0.023
LogBlueprintUserMessages: [BP_LatencyLogger_C_1] LATENCY_LOG,Move,0.901,0.926,0.025
LogBlueprintUserMessages: [BP_LatencyLogger_C_1] LATENCY_LOG,Move,0.926,0.959,0.033
LogBlueprintUserMessages: [BP_LatencyLogger_C_1] LATENCY_LOG,Move,0.959,0.981,0.022
LogBlueprintUserMessages: [BP_LatencyLogger_C_1] LATENCY_LOG,Move,0.981,1.008,0.026
LogBlueprintUserMessages: [BP_LatencyLogger_C_1] LATENCY_LOG,Move,1.008,1.034,0.026
LogBlueprintUserMessages: [BP_LatencyLogger_C_1] LATENCY_LOG,Move,1.034,1.055,0.021
LogBlueprintUserMessages: [BP_LatencyLogger_C_1] LATENCY_LOG,Move,1.055,1.078,0.023
LogBlueprintUserMessages: [BP_LatencyLogger_C_1] LATENCY_LOG,Move,1.078,1.101,0.023
LogBlueprintUserMessages: [BP_LatencyLogger_C_1] LATENCY_LOG,Move,1.101,1.122,0.021
LogBlueprintUserMessages: [BP_LatencyLogger_C_1] LATENCY_LOG,Move,1.122,1.145,0.023
LogBlueprintUserMessages: [BP_LatencyLogger_C_1] LATENCY_LOG,Move,1.145,1.168,0.023
LogBlueprintUserMessages: [BP_LatencyLogger_C_1] LATENCY_LOG,Move,1.168,1.189,0.021
LogBlueprintUserMessages: [BP_LatencyLogger_C_1] LATENCY_LOG,Move,1.189,1.212,0.022
LogBlueprintUserMessages: [BP_LatencyLogger_C_1] LATENCY_LOG,Move,1.212,1.235,0.024
LogBlueprintUserMessages: [BP_LatencyLogger_C_1] LATENCY_LOG,Move,1.235,1.258,0.022
LogBlueprintUserMessages: [BP_LatencyLogger_C_1] LATENCY_LOG,Move,1.258,1.28,0.022
LogBlueprintUserMessages: [BP_LatencyLogger_C_1] LATENCY_LOG,Move,1.28,1.305,0.025
LogBlueprintUserMessages: [BP_LatencyLogger_C_1] LATENCY_LOG,Move,1.305,1.327,0.023
LogBlueprintUserMessages: [BP_LatencyLogger_C_1] LATENCY_LOG,Move,1.327,1.35,0.022
LogBlueprintUserMessages: [BP_LatencyLogger_C_1] LATENCY_LOG,Move,1.35,1.373,0.024
LogBlueprintUserMessages: [BP_LatencyLogger_C_1] LATENCY_LOG,Move,1.373,1.395,0.022
LogBlueprintUserMessages: [BP_LatencyLogger_C_1] LATENCY_LOG,Move,1.395,1.418,0.023
LogBlueprintUserMessages: [BP_LatencyLogger_C_1] LATENCY_LOG,Move,1.418,1.441,0.023
LogBlueprintUserMessages: [BP_LatencyLogger_C_1] LATENCY_LOG,Move,1.441,1.472,0.031
LogBlueprintUserMessages: [BP_LatencyLogger_C_1] LATENCY_LOG,Move,1.472,1.497,0.025
LogBlueprintUserMessages: [BP_LatencyLogger_C_1] LATENCY_LOG,Move,1.497,1.522,0.024
LogBlueprintUserMessages: [BP_LatencyLogger_C_1] LATENCY_LOG,Move,1.522,1.548,0.026
LogBlueprintUserMessages: [BP_LatencyLogger_C_1] LATENCY_LOG,Move,1.548,1.57,0.022
LogBlueprintUserMessages: [BP_LatencyLogger_C_1] LATENCY_LOG,Move,1.57,1.593,0.023
LogBlueprintUserMessages: [BP_LatencyLogger_C_1] LATENCY_LOG,Move,1.593,1.616,0.023
LogBlueprintUserMessages: [BP_LatencyLogger_C_1] LATENCY_LOG,Move,1.616,1.638,0.023
LogBlueprintUserMessages: [BP_LatencyLogger_C_1] LATENCY_LOG,Move,1.638,1.662,0.024
LogBlueprintUserMessages: [BP_LatencyLogger_C_1] LATENCY_LOG,Move,1.662,1.683,0.021
LogBlueprintUserMessages: [BP_LatencyLogger_C_1] LATENCY_LOG,Move,1.683,1.706,0.023
LogBlueprintUserMessages: [BP_LatencyLogger_C_1] LATENCY_LOG,Move,1.706,1.726,0.02
LogBlueprintUserMessages: [BP_LatencyLogger_C_1] LATENCY_LOG,Move,1.726,1.747,0.021
LogBlueprintUserMessages: [BP_LatencyLogger_C_1] LATENCY_LOG,Move,1.747,1.77,0.023
LogBlueprintUserMessages: [BP_LatencyLogger_C_1] LATENCY_LOG,Move,1.77,1.795,0.025
LogBlueprintUserMessages: [BP_LatencyLogger_C_1] LATENCY_LOG,Move,1.795,1.815,0.02
LogBlueprintUserMessages: [BP_LatencyLogger_C_1] LATENCY_LOG,Move,1.815,1.837,0.022
LogBlueprintUserMessages: [BP_LatencyLogger_C_1] LATENCY_LOG,Move,1.837,1.858,0.022
LogBlueprintUserMessages: [BP_LatencyLogger_C_1] LATENCY_LOG,Move,1.858,1.879,0.021
LogBlueprintUserMessages: [BP_LatencyLogger_C_1] LATENCY_LOG,Move,1.879,1.904,0.024
LogBlueprintUserMessages: [BP_LatencyLogger_C_1] LATENCY_LOG,Move,1.904,1.928,0.024
LogBlueprintUserMessages: [BP_LatencyLogger_C_1] LATENCY_LOG,Move,1.928,1.953,0.025
LogBlueprintUserMessages: [BP_LatencyLogger_C_1] LATENCY_LOG,Move,1.953,1.987,0.034
LogBlueprintUserMessages: [BP_LatencyLogger_C_1] LATENCY_LOG,Move,1.987,2.012,0.025
LogBlueprintUserMessages: [BP_LatencyLogger_C_1] LATENCY_LOG,Move,2.012,2.035,0.023
LogBlueprintUserMessages: [BP_LatencyLogger_C_1] LATENCY_LOG,Move,2.035,2.06,0.024
LogBlueprintUserMessages: [BP_LatencyLogger_C_1] LATENCY_LOG,Move,2.06,2.082,0.022
LogBlueprintUserMessages: [BP_LatencyLogger_C_1] LATENCY_LOG,Move,2.082,2.108,0.026
LogBlueprintUserMessages: [BP_LatencyLogger_C_1] LATENCY_LOG,Move,2.108,2.129,0.021
LogBlueprintUserMessages: [BP_LatencyLogger_C_1] LATENCY_LOG,Move,2.129,2.154,0.025
LogBlueprintUserMessages: [BP_LatencyLogger_C_1] LATENCY_LOG,Move,2.154,2.176,0.022
LogBlueprintUserMessages: [BP_LatencyLogger_C_1] LATENCY_LOG,Move,2.176,2.198,0.022
LogBlueprintUserMessages: [BP_LatencyLogger_C_1] LATENCY_LOG,Move,2.198,2.221,0.023
LogBlueprintUserMessages: [BP_LatencyLogger_C_1] LATENCY_LOG,Move,2.221,2.244,0.023
LogBlueprintUserMessages: [BP_LatencyLogger_C_1] LATENCY_LOG,Move,2.244,2.268,0.024
LogBlueprintUserMessages: [BP_LatencyLogger_C_1] LATENCY_LOG,Move,2.268,2.291,0.023
LogBlueprintUserMessages: [BP_LatencyLogger_C_1] LATENCY_LOG,Move,2.291,2.314,0.023
LogBlueprintUserMessages: [BP_LatencyLogger_C_1] LATENCY_LOG,Move,2.314,2.337,0.023
LogBlueprintUserMessages: [BP_LatencyLogger_C_1] LATENCY_LOG,Move,2.337,2.361,0.024
LogBlueprintUserMessages: [BP_LatencyLogger_C_1] LATENCY_LOG,Move,2.361,0.022,2.339
LogBlueprintUserMessages: [BP_LatencyLogger_C_1] LATENCY_LOG,Move,0.022,0.049,0.027
LogBlueprintUserMessages: [BP_LatencyLogger_C_1] LATENCY_LOG,Move,0.049,0.073,0.024
LogBlueprintUserMessages: [BP_LatencyLogger_C_1] LATENCY_LOG,Move,0.073,0.097,0.023
LogBlueprintUserMessages: [BP_LatencyLogger_C_1] LATENCY_LOG,Move,0.097,0.118,0.021
LogBlueprintUserMessages: [BP_LatencyLogger_C_1] LATENCY_LOG,Move,0.118,0.143,0.025
LogBlueprintUserMessages: [BP_LatencyLogger_C_1] LATENCY_LOG,Move,0.143,0.166,0.023
LogBlueprintUserMessages: [BP_LatencyLogger_C_1] LATENCY_LOG,Move,0.166,0.189,0.022
LogBlueprintUserMessages: [BP_LatencyLogger_C_1] LATENCY_LOG,Move,0.189,0.212,0.023
LogBlueprintUserMessages: [BP_LatencyLogger_C_1] LATENCY_LOG,Move,0.212,0.233,0.021
LogBlueprintUserMessages: [BP_LatencyLogger_C_1] LATENCY_LOG,Move,0.233,0.258,0.025
LogBlueprintUserMessages: [BP_LatencyLogger_C_1] LATENCY_LOG,Move,0.258,0.283,0.025
LogBlueprintUserMessages: [BP_LatencyLogger_C_1] LATENCY_LOG,Move,0.283,0.308,0.025
LogBlueprintUserMessages: [BP_LatencyLogger_C_1] LATENCY_LOG,Move,0.308,0.343,0.035
LogBlueprintUserMessages: [BP_LatencyLogger_C_1] LATENCY_LOG,Move,0.343,0.367,0.024
LogBlueprintUserMessages: [BP_LatencyLogger_C_1] LATENCY_LOG,Move,0.367,0.392,0.025
LogBlueprintUserMessages: [BP_LatencyLogger_C_1] LATENCY_LOG,Move,0.392,0.413,0.022
LogBlueprintUserMessages: [BP_LatencyLogger_C_1] LATENCY_LOG,Move,0.413,0.436,0.022
LogBlueprintUserMessages: [BP_LatencyLogger_C_1] LATENCY_LOG,Move,0.436,0.457,0.021
LogBlueprintUserMessages: [BP_LatencyLogger_C_1] LATENCY_LOG,Move,0.457,0.482,0.025
LogBlueprintUserMessages: [BP_LatencyLogger_C_1] LATENCY_LOG,Move,0.482,0.504,0.023
LogBlueprintUserMessages: [BP_LatencyLogger_C_1] LATENCY_LOG,Move,0.504,0.525,0.021
LogBlueprintUserMessages: [BP_LatencyLogger_C_1] LATENCY_LOG,Move,0.525,0.549,0.024
LogBlueprintUserMessages: [BP_LatencyLogger_C_1] LATENCY_LOG,Move,0.549,0.57,0.02
LogBlueprintUserMessages: [BP_LatencyLogger_C_1] LATENCY_LOG,Move,0.57,0.592,0.022
LogBlueprintUserMessages: [BP_LatencyLogger_C_1] LATENCY_LOG,Move,0.592,0.614,0.021
LogBlueprintUserMessages: [BP_LatencyLogger_C_1] LATENCY_LOG,Move,0.614,0.635,0.022
LogBlueprintUserMessages: [BP_LatencyLogger_C_1] LATENCY_LOG,Move,0.635,0.657,0.022
LogBlueprintUserMessages: [BP_LatencyLogger_C_1] LATENCY_LOG,Move,0.657,0.681,0.024
LogBlueprintUserMessages: [BP_LatencyLogger_C_1] LATENCY_LOG,Move,0.681,0.704,0.023
LogBlueprintUserMessages: [BP_LatencyLogger_C_1] LATENCY_LOG,Move,0.704,0.726,0.022
LogBlueprintUserMessages: [BP_LatencyLogger_C_1] LATENCY_LOG,Move,0.726,0.748,0.022
LogBlueprintUserMessages: [BP_LatencyLogger_C_1] LATENCY_LOG,Move,0.748,0.773,0.024
LogBlueprintUserMessages: [BP_LatencyLogger_C_1] LATENCY_LOG,Move,0.773,0.795,0.023
LogBlueprintUserMessages: [BP_LatencyLogger_C_1] LATENCY_LOG,Move,0.795,0.822,0.026
LogBlueprintUserMessages: [BP_LatencyLogger_C_1] LATENCY_LOG,Move,0.822,0.854,0.032
LogBlueprintUserMessages: [BP_LatencyLogger_C_1] LATENCY_LOG,Move,0.854,0.878,0.024
LogBlueprintUserMessages: [BP_LatencyLogger_C_1] LATENCY_LOG,Move,0.878,0.901,0.022
LogBlueprintUserMessages: [BP_LatencyLogger_C_1] LATENCY_LOG,Move,0.901,0.925,0.025
LogBlueprintUserMessages: [BP_LatencyLogger_C_1] LATENCY_LOG,Move,0.925,0.952,0.027
LogBlueprintUserMessages: [BP_LatencyLogger_C_1] LATENCY_LOG,Move,0.952,0.976,0.023
LogBlueprintUserMessages: [BP_LatencyLogger_C_1] LATENCY_LOG,Move,0.976,0.997,0.022
LogBlueprintUserMessages: [BP_LatencyLogger_C_1] LATENCY_LOG,Move,0.997,1.021,0.024
LogBlueprintUserMessages: [BP_LatencyLogger_C_1] LATENCY_LOG,Move,1.021,1.048,0.027
LogBlueprintUserMessages: [BP_LatencyLogger_C_1] LATENCY_LOG,Move,1.048,1.071,0.023
LogBlueprintUserMessages: [BP_LatencyLogger_C_1] LATENCY_LOG,Move,1.071,1.093,0.023
LogBlueprintUserMessages: [BP_LatencyLogger_C_1] LATENCY_LOG,Move,1.093,1.116,0.022
LogBlueprintUserMessages: [BP_LatencyLogger_C_1] LATENCY_LOG,Move,1.116,1.141,0.025
LogBlueprintUserMessages: [BP_LatencyLogger_C_1] LATENCY_LOG,Move,1.141,1.162,0.021
LogBlueprintUserMessages: [BP_LatencyLogger_C_1] LATENCY_LOG,Move,1.162,1.188,0.025
LogBlueprintUserMessages: [BP_LatencyLogger_C_1] LATENCY_LOG,Move,1.188,1.213,0.025
LogBlueprintUserMessages: [BP_LatencyLogger_C_1] LATENCY_LOG,Move,1.213,1.233,0.02
LogBlueprintUserMessages: [BP_LatencyLogger_C_1] LATENCY_LOG,Move,1.233,1.26,0.028
LogBlueprintUserMessages: [BP_LatencyLogger_C_1] LATENCY_LOG,Move,1.26,1.286,0.026
LogBlueprintUserMessages: [BP_LatencyLogger_C_1] LATENCY_LOG,Move,1.286,1.312,0.026
LogBlueprintUserMessages: [BP_LatencyLogger_C_1] LATENCY_LOG,Move,1.312,1.342,0.03
LogBlueprintUserMessages: [BP_LatencyLogger_C_1] LATENCY_LOG,Move,1.342,1.375,0.033
LogBlueprintUserMessages: [BP_LatencyLogger_C_1] LATENCY_LOG,Move,1.375,1.399,0.024
LogBlueprintUserMessages: [BP_LatencyLogger_C_1] LATENCY_LOG,Move,1.399,1.421,0.021
LogBlueprintUserMessages: [BP_LatencyLogger_C_1] LATENCY_LOG,Move,1.421,1.445,0.025
LogBlueprintUserMessages: [BP_LatencyLogger_C_1] LATENCY_LOG,Move,1.445,1.465,0.02
LogBlueprintUserMessages: [BP_LatencyLogger_C_1] LATENCY_LOG,Move,1.465,1.489,0.024
LogBlueprintUserMessages: [BP_LatencyLogger_C_1] LATENCY_LOG,Move,1.489,1.511,0.021
LogBlueprintUserMessages: [BP_LatencyLogger_C_1] LATENCY_LOG,Move,1.511,1.533,0.023
LogBlueprintUserMessages: [BP_LatencyLogger_C_1] LATENCY_LOG,Move,1.533,1.554,0.021
LogBlueprintUserMessages: [BP_LatencyLogger_C_1] LATENCY_LOG,Move,1.554,1.582,0.028
LogBlueprintUserMessages: [BP_LatencyLogger_C_1] LATENCY_LOG,Move,1.582,1.609,0.027
LogBlueprintUserMessages: [BP_LatencyLogger_C_1] LATENCY_LOG,Move,1.609,1.632,0.023
LogBlueprintUserMessages: [BP_LatencyLogger_C_1] LATENCY_LOG,Move,1.632,1.655,0.024
LogBlueprintUserMessages: [BP_LatencyLogger_C_1] LATENCY_LOG,Move,1.655,1.678,0.023
LogBlueprintUserMessages: [BP_LatencyLogger_C_1] LATENCY_LOG,Move,1.678,1.702,0.023
LogBlueprintUserMessages: [BP_LatencyLogger_C_1] LATENCY_LOG,Move,1.702,1.725,0.023
LogBlueprintUserMessages: [BP_LatencyLogger_C_1] LATENCY_LOG,Move,1.725,1.748,0.024
LogBlueprintUserMessages: [BP_LatencyLogger_C_1] LATENCY_LOG,Move,1.748,1.772,0.023
LogBlueprintUserMessages: [BP_LatencyLogger_C_1] LATENCY_LOG,Move,1.772,1.796,0.025
LogBlueprintUserMessages: [BP_LatencyLogger_C_1] LATENCY_LOG,Move,1.796,1.82,0.024
LogBlueprintUserMessages: [BP_LatencyLogger_C_1] LATENCY_LOG,Move,1.82,1.844,0.023
LogBlueprintUserMessages: [BP_LatencyLogger_C_1] LATENCY_LOG,Move,1.844,1.874,0.03
LogBlueprintUserMessages: [BP_LatencyLogger_C_1] LATENCY_LOG,Move,1.874,1.897,0.023
LogBlueprintUserMessages: [BP_LatencyLogger_C_1] LATENCY_LOG,Move,1.897,1.92,0.023
LogBlueprintUserMessages: [BP_LatencyLogger_C_1] LATENCY_LOG,Move,1.92,1.946,0.026
LogBlueprintUserMessages: [BP_LatencyLogger_C_1] LATENCY_LOG,Move,1.946,1.976,0.03
LogBlueprintUserMessages: [BP_LatencyLogger_C_1] LATENCY_LOG,Move,1.976,2,0.025
LogBlueprintUserMessages: [BP_LatencyLogger_C_1] LATENCY_LOG,Move,2,2.023,0.023
LogBlueprintUserMessages: [BP_LatencyLogger_C_1] LATENCY_LOG,Move,2.023,2.048,0.025
LogBlueprintUserMessages: [BP_LatencyLogger_C_1] LATENCY_LOG,Move,2.048,2.07,0.022
LogBlueprintUserMessages: [BP_LatencyLogger_C_1] LATENCY_LOG,Move,2.07,2.092,0.021
LogBlueprintUserMessages: [BP_LatencyLogger_C_1] LATENCY_LOG,Move,2.092,2.114,0.023
LogBlueprintUserMessages: [BP_LatencyLogger_C_1] LATENCY_LOG,Move,2.114,2.137,0.023
LogBlueprintUserMessages: [BP_LatencyLogger_C_1] LATENCY_LOG,Move,2.137,2.157,0.02
LogBlueprintUserMessages: [BP_LatencyLogger_C_1] LATENCY_LOG,Move,2.157,2.182,0.024
LogBlueprintUserMessages: [BP_LatencyLogger_C_1] LATENCY_LOG,Move,2.182,0.022,2.16
LogBlueprintUserMessages: [BP_LatencyLogger_C_1] LATENCY_LOG,Move,0.022,0.047,0.025
LogBlueprintUserMessages: [BP_LatencyLogger_C_1] LATENCY_LOG,Move,0.047,0.073,0.026
LogBlueprintUserMessages: [BP_LatencyLogger_C_1] LATENCY_LOG,Move,0.073,0.095,0.021
LogBlueprintUserMessages: [BP_LatencyLogger_C_1] LATENCY_LOG,Move,0.095,0.117,0.022
LogBlueprintUserMessages: [BP_LatencyLogger_C_1] LATENCY_LOG,Move,0.117,0.14,0.022
LogBlueprintUserMessages: [BP_LatencyLogger_C_1] LATENCY_LOG,Move,0.14,0.165,0.026
LogBlueprintUserMessages: [BP_LatencyLogger_C_1] LATENCY_LOG,Move,0.165,0.186,0.021
LogBlueprintUserMessages: [BP_LatencyLogger_C_1] LATENCY_LOG,Move,0.186,0.211,0.024
LogBlueprintUserMessages: [BP_LatencyLogger_C_1] LATENCY_LOG,Move,0.211,0.233,0.022
LogBlueprintUserMessages: [BP_LatencyLogger_C_1] LATENCY_LOG,Move,0.233,0.258,0.025
LogBlueprintUserMessages: [BP_LatencyLogger_C_1] LATENCY_LOG,Move,0.258,0.279,0.022
LogBlueprintUserMessages: [BP_LatencyLogger_C_1] LATENCY_LOG,Move,0.279,0.312,0.033
LogBlueprintUserMessages: [BP_LatencyLogger_C_1] LATENCY_LOG,Move,0.312,0.34,0.028
LogBlueprintUserMessages: [BP_LatencyLogger_C_1] LATENCY_LOG,Move,0.34,0.366,0.026
LogBlueprintUserMessages: [BP_LatencyLogger_C_1] LATENCY_LOG,Move,0.366,0.388,0.023
LogBlueprintUserMessages: [BP_LatencyLogger_C_1] LATENCY_LOG,Move,0.388,0.414,0.026
LogBlueprintUserMessages: [BP_LatencyLogger_C_1] LATENCY_LOG,Move,0.414,0.442,0.028
LogBlueprintUserMessages: [BP_LatencyLogger_C_1] LATENCY_LOG,Move,0.442,0.473,0.03
LogBlueprintUserMessages: [BP_LatencyLogger_C_1] LATENCY_LOG,Move,0.473,0.501,0.028
LogBlueprintUserMessages: [BP_LatencyLogger_C_1] LATENCY_LOG,Move,0.501,0.527,0.027
LogBlueprintUserMessages: [BP_LatencyLogger_C_1] LATENCY_LOG,Move,0.527,0.553,0.026
LogBlueprintUserMessages: [BP_LatencyLogger_C_1] LATENCY_LOG,Move,0.553,0.581,0.027
LogBlueprintUserMessages: [BP_LatencyLogger_C_1] LATENCY_LOG,Move,0.581,0.604,0.024
LogBlueprintUserMessages: [BP_LatencyLogger_C_1] LATENCY_LOG,Move,0.604,0.63,0.026
LogBlueprintUserMessages: [BP_LatencyLogger_C_1] LATENCY_LOG,Move,0.63,0.653,0.022
LogBlueprintUserMessages: [BP_LatencyLogger_C_1] LATENCY_LOG,Move,0.653,0.678,0.026
LogBlueprintUserMessages: [BP_LatencyLogger_C_1] LATENCY_LOG,Move,0.678,0.707,0.028
LogBlueprintUserMessages: [BP_LatencyLogger_C_1] LATENCY_LOG,Move,0.707,0.735,0.028
LogBlueprintUserMessages: [BP_LatencyLogger_C_1] LATENCY_LOG,Move,0.735,0.759,0.024
LogBlueprintUserMessages: [BP_LatencyLogger_C_1] LATENCY_LOG,Move,0.759,0.785,0.025
LogBlueprintUserMessages: [BP_LatencyLogger_C_1] LATENCY_LOG,Move,0.785,0.822,0.037
LogBlueprintUserMessages: [BP_LatencyLogger_C_1] LATENCY_LOG,Move,0.822,0.85,0.028
LogBlueprintUserMessages: [BP_LatencyLogger_C_1] LATENCY_LOG,Move,0.85,0.876,0.026
LogBlueprintUserMessages: [BP_LatencyLogger_C_1] LATENCY_LOG,Move,0.876,0.9,0.023
LogBlueprintUserMessages: [BP_LatencyLogger_C_1] LATENCY_LOG,Move,0.9,0.925,0.026
LogBlueprintUserMessages: [BP_LatencyLogger_C_1] LATENCY_LOG,Move,0.925,0.948,0.022
LogBlueprintUserMessages: [BP_LatencyLogger_C_1] LATENCY_LOG,Move,0.948,0.973,0.025
LogBlueprintUserMessages: [BP_LatencyLogger_C_1] LATENCY_LOG,Move,0.973,1.001,0.028
LogBlueprintUserMessages: [BP_LatencyLogger_C_1] LATENCY_LOG,Move,1.001,1.027,0.026
LogBlueprintUserMessages: [BP_LatencyLogger_C_1] LATENCY_LOG,Move,1.027,1.05,0.022
LogBlueprintUserMessages: [BP_LatencyLogger_C_1] LATENCY_LOG,Move,1.05,1.075,0.026
LogBlueprintUserMessages: [BP_LatencyLogger_C_1] LATENCY_LOG,Move,1.075,1.1,0.025
LogBlueprintUserMessages: [BP_LatencyLogger_C_1] LATENCY_LOG,Move,1.1,1.127,0.027
LogBlueprintUserMessages: [BP_LatencyLogger_C_1] LATENCY_LOG,Move,1.127,1.157,0.03
LogBlueprintUserMessages: [BP_LatencyLogger_C_1] LATENCY_LOG,Move,1.157,1.184,0.027
LogBlueprintUserMessages: [BP_LatencyLogger_C_1] LATENCY_LOG,Move,1.184,1.208,0.024
LogBlueprintUserMessages: [BP_LatencyLogger_C_1] LATENCY_LOG,Move,1.208,1.234,0.026
LogBlueprintUserMessages: [BP_LatencyLogger_C_1] LATENCY_LOG,Move,1.234,1.26,0.026
LogBlueprintUserMessages: [BP_LatencyLogger_C_1] LATENCY_LOG,Move,1.26,1.283,0.023
LogBlueprintUserMessages: [BP_LatencyLogger_C_1] LATENCY_LOG,Move,1.283,1.309,0.025
LogBlueprintUserMessages: [BP_LatencyLogger_C_1] LATENCY_LOG,Move,1.309,1.345,0.036
LogBlueprintUserMessages: [BP_LatencyLogger_C_1] LATENCY_LOG,Move,1.345,1.371,0.026
LogBlueprintUserMessages: [BP_LatencyLogger_C_1] LATENCY_LOG,Move,1.371,1.396,0.025
LogBlueprintUserMessages: [BP_LatencyLogger_C_1] LATENCY_LOG,Move,1.396,1.421,0.025
LogBlueprintUserMessages: [BP_LatencyLogger_C_1] LATENCY_LOG,Move,1.421,1.443,0.022
LogBlueprintUserMessages: [BP_LatencyLogger_C_1] LATENCY_LOG,Move,1.443,1.47,0.027
LogBlueprintUserMessages: [BP_LatencyLogger_C_1] LATENCY_LOG,Move,1.47,1.497,0.027
LogBlueprintUserMessages: [BP_LatencyLogger_C_1] LATENCY_LOG,Move,1.497,1.523,0.027
LogBlueprintUserMessages: [BP_LatencyLogger_C_1] LATENCY_LOG,Move,1.523,1.549,0.026
LogBlueprintUserMessages: [BP_LatencyLogger_C_1] LATENCY_LOG,Move,1.549,1.576,0.027
LogBlueprintUserMessages: [BP_LatencyLogger_C_1] LATENCY_LOG,Move,1.576,1.6,0.024
LogBlueprintUserMessages: [BP_LatencyLogger_C_1] LATENCY_LOG,Move,1.6,1.628,0.028
LogBlueprintUserMessages: [BP_LatencyLogger_C_1] LATENCY_LOG,Move,1.628,1.654,0.026
LogBlueprintUserMessages: [BP_LatencyLogger_C_1] LATENCY_LOG,Move,1.654,1.679,0.025
LogBlueprintUserMessages: [BP_LatencyLogger_C_1] LATENCY_LOG,Move,1.679,1.707,0.028
LogBlueprintUserMessages: [BP_LatencyLogger_C_1] LATENCY_LOG,Move,1.707,1.735,0.028
LogBlueprintUserMessages: [BP_LatencyLogger_C_1] LATENCY_LOG,Move,1.735,1.765,0.03
LogBlueprintUserMessages: [BP_LatencyLogger_C_1] LATENCY_LOG,Move,1.765,1.792,0.027
LogBlueprintUserMessages: [BP_LatencyLogger_C_1] LATENCY_LOG,Move,1.792,1.816,0.024
LogBlueprintUserMessages: [BP_LatencyLogger_C_1] LATENCY_LOG,Move,1.816,1.852,0.036
LogBlueprintUserMessages: [BP_LatencyLogger_C_1] LATENCY_LOG,Move,1.852,1.878,0.026
LogBlueprintUserMessages: [BP_LatencyLogger_C_1] LATENCY_LOG,Move,1.878,1.904,0.026
LogBlueprintUserMessages: [BP_LatencyLogger_C_1] LATENCY_LOG,Move,1.904,1.929,0.025
LogBlueprintUserMessages: [BP_LatencyLogger_C_1] LATENCY_LOG,Move,1.929,1.954,0.025
LogBlueprintUserMessages: [BP_LatencyLogger_C_1] LATENCY_LOG,Move,1.954,1.978,0.024
LogBlueprintUserMessages: [BP_LatencyLogger_C_1] LATENCY_LOG,Move,1.978,2.004,0.027
LogBlueprintUserMessages: [BP_LatencyLogger_C_1] LATENCY_LOG,Move,2.004,0.022,1.982
LogBlueprintUserMessages: [BP_LatencyLogger_C_1] LATENCY_LOG,Move,0.022,0.046,0.024
LogBlueprintUserMessages: [BP_LatencyLogger_C_1] LATENCY_LOG,Move,0.046,0.07,0.023
LogBlueprintUserMessages: [BP_LatencyLogger_C_1] LATENCY_LOG,Move,0.07,0.094,0.025
LogBlueprintUserMessages: [BP_LatencyLogger_C_1] LATENCY_LOG,Move,0.094,0.12,0.026
LogBlueprintUserMessages: [BP_LatencyLogger_C_1] LATENCY_LOG,Move,0.12,0.144,0.024
LogBlueprintUserMessages: [BP_LatencyLogger_C_1] LATENCY_LOG,Move,0.144,0.17,0.026
LogBlueprintUserMessages: [BP_LatencyLogger_C_1] LATENCY_LOG,Move,0.17,0.197,0.027
LogBlueprintUserMessages: [BP_LatencyLogger_C_1] LATENCY_LOG,Move,0.197,0.219,0.022
LogBlueprintUserMessages: [BP_LatencyLogger_C_1] LATENCY_LOG,Move,0.219,0.244,0.024
LogBlueprintUserMessages: [BP_LatencyLogger_C_1] LATENCY_LOG,Move,0.244,0.27,0.026
LogBlueprintUserMessages: [BP_LatencyLogger_C_1] LATENCY_LOG,Move,0.27,0.299,0.029
LogBlueprintUserMessages: [BP_LatencyLogger_C_1] LATENCY_LOG,Move,0.299,0.324,0.025
LogBlueprintUserMessages: [BP_LatencyLogger_C_1] LATENCY_LOG,Move,0.324,0.346,0.022
LogBlueprintUserMessages: [BP_LatencyLogger_C_1] LATENCY_LOG,Move,0.346,0.37,0.024
LogBlueprintUserMessages: [BP_LatencyLogger_C_1] LATENCY_LOG,Move,0.37,0.392,0.022
LogBlueprintUserMessages: [BP_LatencyLogger_C_1] LATENCY_LOG,Move,0.392,0.417,0.025
LogBlueprintUserMessages: [BP_LatencyLogger_C_1] LATENCY_LOG,Move,0.417,0.445,0.028
LogBlueprintUserMessages: [BP_LatencyLogger_C_1] LATENCY_LOG,Move,0.445,0.469,0.024
LogBlueprintUserMessages: [BP_LatencyLogger_C_1] LATENCY_LOG,Move,0.469,0.495,0.027
LogBlueprintUserMessages: [BP_LatencyLogger_C_1] LATENCY_LOG,Move,0.495,0.518,0.022
LogBlueprintUserMessages: [BP_LatencyLogger_C_1] LATENCY_LOG,Move,0.518,0.542,0.024
LogBlueprintUserMessages: [BP_LatencyLogger_C_1] LATENCY_LOG,Move,0.542,0.564,0.022
LogBlueprintUserMessages: [BP_LatencyLogger_C_1] LATENCY_LOG,Move,0.564,0.587,0.023
LogBlueprintUserMessages: [BP_LatencyLogger_C_1] LATENCY_LOG,Move,0.587,0.605,0.019
LogBlueprintUserMessages: [BP_LatencyLogger_C_1] LATENCY_LOG,Move,0.605,0.629,0.024
LogBlueprintUserMessages: [BP_LatencyLogger_C_1] LATENCY_LOG,Move,0.629,0.649,0.02
LogBlueprintUserMessages: [BP_LatencyLogger_C_1] LATENCY_LOG,Move,0.649,0.672,0.023
LogBlueprintUserMessages: [BP_LatencyLogger_C_1] LATENCY_LOG,Move,0.672,0.695,0.022
LogBlueprintUserMessages: [BP_LatencyLogger_C_1] LATENCY_LOG,Move,0.695,0.717,0.023
LogBlueprintUserMessages: [BP_LatencyLogger_C_1] LATENCY_LOG,Move,0.717,0.741,0.024
LogBlueprintUserMessages: [BP_LatencyLogger_C_1] LATENCY_LOG,Move,0.741,0.764,0.023
LogBlueprintUserMessages: [BP_LatencyLogger_C_1] LATENCY_LOG,Move,0.764,0.788,0.024
LogBlueprintUserMessages: [BP_LatencyLogger_C_1] LATENCY_LOG,Move,0.788,0.813,0.025
LogBlueprintUserMessages: [BP_LatencyLogger_C_1] LATENCY_LOG,Move,0.813,0.84,0.027
LogBlueprintUserMessages: [BP_LatencyLogger_C_1] LATENCY_LOG,Move,0.84,0.865,0.024
LogBlueprintUserMessages: [BP_LatencyLogger_C_1] LATENCY_LOG,Move,0.865,0.884,0.02
LogBlueprintUserMessages: [BP_LatencyLogger_C_1] LATENCY_LOG,Move,0.884,0.909,0.025
LogBlueprintUserMessages: [BP_LatencyLogger_C_1] LATENCY_LOG,Move,0.909,0.932,0.023
LogBlueprintUserMessages: [BP_LatencyLogger_C_1] LATENCY_LOG,Move,0.932,0.963,0.03
LogBlueprintUserMessages: [BP_LatencyLogger_C_1] LATENCY_LOG,Move,0.963,0.988,0.025
LogBlueprintUserMessages: [BP_LatencyLogger_C_1] LATENCY_LOG,Move,0.988,1.008,0.02
LogBlueprintUserMessages: [BP_LatencyLogger_C_1] LATENCY_LOG,Move,1.008,1.031,0.024
LogBlueprintUserMessages: [BP_LatencyLogger_C_1] LATENCY_LOG,Move,1.031,1.055,0.024
LogBlueprintUserMessages: [BP_LatencyLogger_C_1] LATENCY_LOG,Move,1.055,1.076,0.021
LogBlueprintUserMessages: [BP_LatencyLogger_C_1] LATENCY_LOG,Move,1.076,1.099,0.023
LogBlueprintUserMessages: [BP_LatencyLogger_C_1] LATENCY_LOG,Move,1.099,1.122,0.023
LogBlueprintUserMessages: [BP_LatencyLogger_C_1] LATENCY_LOG,Move,1.122,1.142,0.02
LogBlueprintUserMessages: [BP_LatencyLogger_C_1] LATENCY_LOG,Move,1.142,1.168,0.026
LogBlueprintUserMessages: [BP_LatencyLogger_C_1] LATENCY_LOG,Move,1.168,1.19,0.022
LogBlueprintUserMessages: [BP_LatencyLogger_C_1] LATENCY_LOG,Move,1.19,1.211,0.021
LogBlueprintUserMessages: [BP_LatencyLogger_C_1] LATENCY_LOG,Move,1.211,1.239,0.028
LogBlueprintUserMessages: [BP_LatencyLogger_C_1] LATENCY_LOG,Move,1.239,1.267,0.029
LogBlueprintUserMessages: [BP_LatencyLogger_C_1] LATENCY_LOG,Move,1.267,1.291,0.024
LogBlueprintUserMessages: [BP_LatencyLogger_C_1] LATENCY_LOG,Move,1.291,1.322,0.03
LogBlueprintUserMessages: [BP_LatencyLogger_C_1] LATENCY_LOG,Move,1.322,1.353,0.031
LogBlueprintUserMessages: [BP_LatencyLogger_C_1] LATENCY_LOG,Move,1.353,1.38,0.026
LogBlueprintUserMessages: [BP_LatencyLogger_C_1] LATENCY_LOG,Move,1.38,1.403,0.023
LogBlueprintUserMessages: [BP_LatencyLogger_C_1] LATENCY_LOG,Move,1.403,1.427,0.024
LogBlueprintUserMessages: [BP_LatencyLogger_C_1] LATENCY_LOG,Move,1.427,1.45,0.022
LogBlueprintUserMessages: [BP_LatencyLogger_C_1] LATENCY_LOG,Move,1.45,1.479,0.03
LogBlueprintUserMessages: [BP_LatencyLogger_C_1] LATENCY_LOG,Move,1.479,1.503,0.024
LogBlueprintUserMessages: [BP_LatencyLogger_C_1] LATENCY_LOG,Move,1.503,1.525,0.021
LogBlueprintUserMessages: [BP_LatencyLogger_C_1] LATENCY_LOG,Move,1.525,1.547,0.022
LogBlueprintUserMessages: [BP_LatencyLogger_C_1] LATENCY_LOG,Move,1.547,1.573,0.027
LogBlueprintUserMessages: [BP_LatencyLogger_C_1] LATENCY_LOG,Move,1.573,1.598,0.025
LogBlueprintUserMessages: [BP_LatencyLogger_C_1] LATENCY_LOG,Move,1.598,1.622,0.025
LogBlueprintUserMessages: [BP_LatencyLogger_C_1] LATENCY_LOG,Move,1.622,1.645,0.023
LogBlueprintUserMessages: [BP_LatencyLogger_C_1] LATENCY_LOG,Move,1.645,1.669,0.024
LogBlueprintUserMessages: [BP_LatencyLogger_C_1] LATENCY_LOG,Move,1.669,1.691,0.022
LogBlueprintUserMessages: [BP_LatencyLogger_C_1] LATENCY_LOG,Move,1.691,1.716,0.025
LogBlueprintUserMessages: [BP_LatencyLogger_C_1] LATENCY_LOG,Move,1.716,1.737,0.021
LogBlueprintUserMessages: [BP_LatencyLogger_C_1] LATENCY_LOG,Move,1.737,1.762,0.025
LogBlueprintUserMessages: [BP_LatencyLogger_C_1] LATENCY_LOG,Move,1.762,1.785,0.023
LogBlueprintUserMessages: [BP_LatencyLogger_C_1] LATENCY_LOG,Move,1.785,1.806,0.021
LogBlueprintUserMessages: [BP_LatencyLogger_C_1] LATENCY_LOG,Move,1.806,0.026,1.78
LogBlueprintUserMessages: [BP_LatencyLogger_C_1] LATENCY_LOG,Move,0.026,0.05,0.024
LogBlueprintUserMessages: [BP_LatencyLogger_C_1] LATENCY_LOG,Move,0.05,0.074,0.024
LogBlueprintUserMessages: [BP_LatencyLogger_C_1] LATENCY_LOG,Move,0.074,0.094,0.02
LogBlueprintUserMessages: [BP_LatencyLogger_C_1] LATENCY_LOG,Move,0.094,0.119,0.025
LogBlueprintUserMessages: [BP_LatencyLogger_C_1] LATENCY_LOG,Move,0.119,0.141,0.022
LogBlueprintUserMessages: [BP_LatencyLogger_C_1] LATENCY_LOG,Move,0.141,0.17,0.029
LogBlueprintUserMessages: [BP_LatencyLogger_C_1] LATENCY_LOG,Move,0.17,0.193,0.023
LogBlueprintUserMessages: [BP_LatencyLogger_C_1] LATENCY_LOG,Move,0.193,0.225,0.032
LogBlueprintUserMessages: [BP_LatencyLogger_C_1] LATENCY_LOG,Move,0.225,0.249,0.023
LogBlueprintUserMessages: [BP_LatencyLogger_C_1] LATENCY_LOG,Move,0.249,0.274,0.025
LogBlueprintUserMessages: [BP_LatencyLogger_C_1] LATENCY_LOG,Move,0.274,0.298,0.024
LogBlueprintUserMessages: [BP_LatencyLogger_C_1] LATENCY_LOG,Move,0.298,0.32,0.022
LogBlueprintUserMessages: [BP_LatencyLogger_C_1] LATENCY_LOG,Move,0.32,0.345,0.024
LogBlueprintUserMessages: [BP_LatencyLogger_C_1] LATENCY_LOG,Move,0.345,0.369,0.024
LogBlueprintUserMessages: [BP_LatencyLogger_C_1] LATENCY_LOG,Move,0.369,0.39,0.022
LogBlueprintUserMessages: [BP_LatencyLogger_C_1] LATENCY_LOG,Move,0.39,0.413,0.023
LogBlueprintUserMessages: [BP_LatencyLogger_C_1] LATENCY_LOG,Move,0.413,0.434,0.021
LogBlueprintUserMessages: [BP_LatencyLogger_C_1] LATENCY_LOG,Move,0.434,0.456,0.022
LogBlueprintUserMessages: [BP_LatencyLogger_C_1] LATENCY_LOG,Move,0.456,0.485,0.029
LogBlueprintUserMessages: [BP_LatencyLogger_C_1] LATENCY_LOG,Move,0.485,0.51,0.025
LogBlueprintUserMessages: [BP_LatencyLogger_C_1] LATENCY_LOG,Move,0.51,0.534,0.024
LogBlueprintUserMessages: [BP_LatencyLogger_C_1] LATENCY_LOG,Move,0.534,0.556,0.022
LogBlueprintUserMessages: [BP_LatencyLogger_C_1] LATENCY_LOG,Move,0.556,0.582,0.026
LogBlueprintUserMessages: [BP_LatencyLogger_C_1] LATENCY_LOG,Move,0.582,0.608,0.026
LogBlueprintUserMessages: [BP_LatencyLogger_C_1] LATENCY_LOG,Move,0.608,0.631,0.023
LogBlueprintUserMessages: [BP_LatencyLogger_C_1] LATENCY_LOG,Move,0.631,0.657,0.027
LogBlueprintUserMessages: [BP_LatencyLogger_C_1] LATENCY_LOG,Move,0.657,0.695,0.037
LogBlueprintUserMessages: [BP_LatencyLogger_C_1] LATENCY_LOG,Move,0.695,0.718,0.024
LogBlueprintUserMessages: [BP_LatencyLogger_C_1] LATENCY_LOG,Move,0.718,0.743,0.024
LogBlueprintUserMessages: [BP_LatencyLogger_C_1] LATENCY_LOG,Move,0.743,0.77,0.027
LogBlueprintUserMessages: [BP_LatencyLogger_C_1] LATENCY_LOG,Move,0.77,0.79,0.02
LogBlueprintUserMessages: [BP_LatencyLogger_C_1] LATENCY_LOG,Move,0.79,0.815,0.025
LogBlueprintUserMessages: [BP_LatencyLogger_C_1] LATENCY_LOG,Move,0.815,0.836,0.021
LogBlueprintUserMessages: [BP_LatencyLogger_C_1] LATENCY_LOG,Move,0.836,0.859,0.023
LogBlueprintUserMessages: [BP_LatencyLogger_C_1] LATENCY_LOG,Move,0.859,0.879,0.021
LogBlueprintUserMessages: [BP_LatencyLogger_C_1] LATENCY_LOG,Move,0.879,0.903,0.023
LogBlueprintUserMessages: [BP_LatencyLogger_C_1] LATENCY_LOG,Move,0.903,0.926,0.024
LogBlueprintUserMessages: [BP_LatencyLogger_C_1] LATENCY_LOG,Move,0.926,0.952,0.025
LogBlueprintUserMessages: [BP_LatencyLogger_C_1] LATENCY_LOG,Move,0.952,0.979,0.027
LogBlueprintUserMessages: [BP_LatencyLogger_C_1] LATENCY_LOG,Move,0.979,1.003,0.024
LogBlueprintUserMessages: [BP_LatencyLogger_C_1] LATENCY_LOG,Move,1.003,1.027,0.024
LogBlueprintUserMessages: [BP_LatencyLogger_C_1] LATENCY_LOG,Move,1.027,1.051,0.024
LogBlueprintUserMessages: [BP_LatencyLogger_C_1] LATENCY_LOG,Move,1.051,1.076,0.025
LogBlueprintUserMessages: [BP_LatencyLogger_C_1] LATENCY_LOG,Move,1.076,1.098,0.022
LogBlueprintUserMessages: [BP_LatencyLogger_C_1] LATENCY_LOG,Move,1.098,1.119,0.02
LogBlueprintUserMessages: [BP_LatencyLogger_C_1] LATENCY_LOG,Move,1.119,1.149,0.03
LogBlueprintUserMessages: [BP_LatencyLogger_C_1] LATENCY_LOG,Move,1.149,1.173,0.024
LogBlueprintUserMessages: [BP_LatencyLogger_C_1] LATENCY_LOG,Move,1.173,1.207,0.034
LogBlueprintUserMessages: [BP_LatencyLogger_C_1] LATENCY_LOG,Move,1.207,1.23,0.023
LogBlueprintUserMessages: [BP_LatencyLogger_C_1] LATENCY_LOG,Move,1.23,1.252,0.022
LogBlueprintUserMessages: [BP_LatencyLogger_C_1] LATENCY_LOG,Move,1.252,1.276,0.024
LogBlueprintUserMessages: [BP_LatencyLogger_C_1] LATENCY_LOG,Move,1.276,1.297,0.022
LogBlueprintUserMessages: [BP_LatencyLogger_C_1] LATENCY_LOG,Move,1.297,1.322,0.024
LogBlueprintUserMessages: [BP_LatencyLogger_C_1] LATENCY_LOG,Move,1.322,1.346,0.024
LogBlueprintUserMessages: [BP_LatencyLogger_C_1] LATENCY_LOG,Move,1.346,1.366,0.02
LogBlueprintUserMessages: [BP_LatencyLogger_C_1] LATENCY_LOG,Move,1.366,1.388,0.022
LogBlueprintUserMessages: [BP_LatencyLogger_C_1] LATENCY_LOG,Move,1.388,1.409,0.021
LogBlueprintUserMessages: [BP_LatencyLogger_C_1] LATENCY_LOG,Move,1.409,1.432,0.023
LogBlueprintUserMessages: [BP_LatencyLogger_C_1] LATENCY_LOG,Move,1.432,1.453,0.021
LogBlueprintUserMessages: [BP_LatencyLogger_C_1] LATENCY_LOG,Move,1.453,1.478,0.025
LogBlueprintUserMessages: [BP_LatencyLogger_C_1] LATENCY_LOG,Move,1.478,1.5,0.022
LogBlueprintUserMessages: [BP_LatencyLogger_C_1] LATENCY_LOG,Move,1.5,0.022,1.478
LogBlueprintUserMessages: [BP_LatencyLogger_C_1] LATENCY_LOG,Move,0.022,0.049,0.027
LogBlueprintUserMessages: [BP_LatencyLogger_C_1] LATENCY_LOG,Move,0.049,0.077,0.028
LogBlueprintUserMessages: [BP_LatencyLogger_C_1] LATENCY_LOG,Move,0.077,0.101,0.024
LogBlueprintUserMessages: [BP_LatencyLogger_C_1] LATENCY_LOG,Move,0.101,0.126,0.025
LogBlueprintUserMessages: [BP_LatencyLogger_C_1] LATENCY_LOG,Move,0.126,0.148,0.022
LogBlueprintUserMessages: [BP_LatencyLogger_C_1] LATENCY_LOG,Move,0.148,0.17,0.021
LogBlueprintUserMessages: [BP_LatencyLogger_C_1] LATENCY_LOG,Move,0.17,0.192,0.022
LogBlueprintUserMessages: [BP_LatencyLogger_C_1] LATENCY_LOG,Move,0.192,0.215,0.023
LogBlueprintUserMessages: [BP_LatencyLogger_C_1] LATENCY_LOG,Move,0.215,0.238,0.022
LogBlueprintUserMessages: [BP_LatencyLogger_C_1] LATENCY_LOG,Move,0.238,0.261,0.023
LogBlueprintUserMessages: [BP_LatencyLogger_C_1] LATENCY_LOG,Move,0.261,0.284,0.023
LogBlueprintUserMessages: [BP_LatencyLogger_C_1] LATENCY_LOG,Move,0.284,0.306,0.023
LogBlueprintUserMessages: [BP_LatencyLogger_C_1] LATENCY_LOG,Move,0.306,0.34,0.034
LogBlueprintUserMessages: [BP_LatencyLogger_C_1] LATENCY_LOG,Move,0.34,0.362,0.022
LogBlueprintUserMessages: [BP_LatencyLogger_C_1] LATENCY_LOG,Move,0.362,0.385,0.023
LogBlueprintUserMessages: [BP_LatencyLogger_C_1] LATENCY_LOG,Move,0.385,0.407,0.022
LogBlueprintUserMessages: [BP_LatencyLogger_C_1] LATENCY_LOG,Move,0.407,0.431,0.024
LogBlueprintUserMessages: [BP_LatencyLogger_C_1] LATENCY_LOG,Move,0.431,0.457,0.026
LogBlueprintUserMessages: [BP_LatencyLogger_C_1] LATENCY_LOG,Move,0.457,0.48,0.023
LogBlueprintUserMessages: [BP_LatencyLogger_C_1] LATENCY_LOG,Move,0.48,0.505,0.024
LogBlueprintUserMessages: [BP_LatencyLogger_C_1] LATENCY_LOG,Move,0.505,0.54,0.035
LogBlueprintUserMessages: [BP_LatencyLogger_C_1] LATENCY_LOG,Move,0.54,0.561,0.021
LogBlueprintUserMessages: [BP_LatencyLogger_C_1] LATENCY_LOG,Move,0.561,0.583,0.022
LogBlueprintUserMessages: [BP_LatencyLogger_C_1] LATENCY_LOG,Move,0.583,0.605,0.022
LogBlueprintUserMessages: [BP_LatencyLogger_C_1] LATENCY_LOG,Move,0.605,0.628,0.022
LogBlueprintUserMessages: [BP_LatencyLogger_C_1] LATENCY_LOG,Move,0.628,0.653,0.025
LogBlueprintUserMessages: [BP_LatencyLogger_C_1] LATENCY_LOG,Move,0.653,0.677,0.024
LogBlueprintUserMessages: [BP_LatencyLogger_C_1] LATENCY_LOG,Move,0.677,0.698,0.021
LogBlueprintUserMessages: [BP_LatencyLogger_C_1] LATENCY_LOG,Move,0.698,0.723,0.025
LogBlueprintUserMessages: [BP_LatencyLogger_C_1] LATENCY_LOG,Move,0.723,0.743,0.021
LogBlueprintUserMessages: [BP_LatencyLogger_C_1] LATENCY_LOG,Move,0.743,0.767,0.024
LogBlueprintUserMessages: [BP_LatencyLogger_C_1] LATENCY_LOG,Move,0.767,0.79,0.023
LogBlueprintUserMessages: [BP_LatencyLogger_C_1] LATENCY_LOG,Move,0.79,0.813,0.022
LogBlueprintUserMessages: [BP_LatencyLogger_C_1] LATENCY_LOG,Move,0.813,0.844,0.031
LogBlueprintUserMessages: [BP_LatencyLogger_C_1] LATENCY_LOG,Move,0.844,0.866,0.021
LogBlueprintUserMessages: [BP_LatencyLogger_C_1] LATENCY_LOG,Move,0.866,0.891,0.026
LogBlueprintUserMessages: [BP_LatencyLogger_C_1] LATENCY_LOG,Move,0.891,0.914,0.023
LogBlueprintUserMessages: [BP_LatencyLogger_C_1] LATENCY_LOG,Move,0.914,0.94,0.026
LogBlueprintUserMessages: [BP_LatencyLogger_C_1] LATENCY_LOG,Move,0.94,0.962,0.022
LogBlueprintUserMessages: [BP_LatencyLogger_C_1] LATENCY_LOG,Move,0.962,0.986,0.024
LogBlueprintUserMessages: [BP_LatencyLogger_C_1] LATENCY_LOG,Move,0.986,1.007,0.021
LogBlueprintUserMessages: [BP_LatencyLogger_C_1] LATENCY_LOG,Move,1.007,1.034,0.027
LogBlueprintUserMessages: [BP_LatencyLogger_C_1] LATENCY_LOG,Move,1.034,1.059,0.025
LogBlueprintUserMessages: [BP_LatencyLogger_C_1] LATENCY_LOG,Move,1.059,1.082,0.023
LogBlueprintUserMessages: [BP_LatencyLogger_C_1] LATENCY_LOG,Move,1.082,1.11,0.028
LogBlueprintUserMessages: [BP_LatencyLogger_C_1] LATENCY_LOG,Move,1.11,1.136,0.026
LogBlueprintUserMessages: [BP_LatencyLogger_C_1] LATENCY_LOG,Move,1.136,1.161,0.024
LogBlueprintUserMessages: [BP_LatencyLogger_C_1] LATENCY_LOG,Move,1.161,1.185,0.024
LogBlueprintUserMessages: [BP_LatencyLogger_C_1] LATENCY_LOG,Move,1.185,1.208,0.023
LogBlueprintUserMessages: [BP_LatencyLogger_C_1] LATENCY_LOG,Move,1.208,1.232,0.024
LogBlueprintUserMessages: [BP_LatencyLogger_C_1] LATENCY_LOG,Move,1.232,1.253,0.022
LogBlueprintUserMessages: [BP_LatencyLogger_C_1] LATENCY_LOG,Move,1.253,1.275,0.022
LogBlueprintUserMessages: [BP_LatencyLogger_C_1] LATENCY_LOG,Move,1.275,1.297,0.022
LogBlueprintUserMessages: [BP_LatencyLogger_C_1] LATENCY_LOG,Move,1.297,1.322,0.025
LogBlueprintUserMessages: [BP_LatencyLogger_C_1] LATENCY_LOG,Move,1.322,1.355,0.033
LogBlueprintUserMessages: [BP_LatencyLogger_C_1] LATENCY_LOG,Move,1.355,1.381,0.026
LogBlueprintUserMessages: [BP_LatencyLogger_C_1] LATENCY_LOG,Move,1.381,1.4,0.019
LogBlueprintUserMessages: [BP_LatencyLogger_C_1] LATENCY_LOG,Move,1.4,1.424,0.024
LogBlueprintUserMessages: [BP_LatencyLogger_C_1] LATENCY_LOG,Move,1.424,1.445,0.021
LogBlueprintUserMessages: [BP_LatencyLogger_C_1] LATENCY_LOG,Move,1.445,1.468,0.023
LogBlueprintUserMessages: [BP_LatencyLogger_C_1] LATENCY_LOG,Move,1.468,1.49,0.022
LogBlueprintUserMessages: [BP_LatencyLogger_C_1] LATENCY_LOG,Move,1.49,1.515,0.025
LogBlueprintUserMessages: [BP_LatencyLogger_C_1] LATENCY_LOG,Move,1.515,1.538,0.023
LogBlueprintUserMessages: [BP_LatencyLogger_C_1] LATENCY_LOG,Move,1.538,1.561,0.024
LogBlueprintUserMessages: [BP_LatencyLogger_C_1] LATENCY_LOG,Move,1.561,1.588,0.026
LogBlueprintUserMessages: [BP_LatencyLogger_C_1] LATENCY_LOG,Move,1.588,1.611,0.023
LogBlueprintUserMessages: [BP_LatencyLogger_C_1] LATENCY_LOG,Move,1.611,1.633,0.021
LogBlueprintUserMessages: [BP_LatencyLogger_C_1] LATENCY_LOG,Move,1.633,1.657,0.025
LogBlueprintUserMessages: [BP_LatencyLogger_C_1] LATENCY_LOG,Move,1.657,1.682,0.025
LogBlueprintUserMessages: [BP_LatencyLogger_C_1] LATENCY_LOG,Move,1.682,1.706,0.024
LogBlueprintUserMessages: [BP_LatencyLogger_C_1] LATENCY_LOG,Move,1.706,1.73,0.024
LogBlueprintUserMessages: [BP_LatencyLogger_C_1] LATENCY_LOG,Move,1.73,1.757,0.027
LogBlueprintUserMessages: [BP_LatencyLogger_C_1] LATENCY_LOG,Move,1.757,1.781,0.024
LogBlueprintUserMessages: [BP_LatencyLogger_C_1] LATENCY_LOG,Move,1.781,1.801,0.02
LogBlueprintUserMessages: [BP_LatencyLogger_C_1] LATENCY_LOG,Move,1.801,1.826,0.025
LogBlueprintUserMessages: [BP_LatencyLogger_C_1] LATENCY_LOG,Move,1.826,0.02,1.805
LogBlueprintUserMessages: [BP_LatencyLogger_C_1] LATENCY_LOG,Move,0.02,0.045,0.025
LogBlueprintUserMessages: [BP_LatencyLogger_C_1] LATENCY_LOG,Move,0.045,0.07,0.024
LogBlueprintUserMessages: [BP_LatencyLogger_C_1] LATENCY_LOG,Move,0.07,0.094,0.024
LogBlueprintUserMessages: [BP_LatencyLogger_C_1] LATENCY_LOG,Move,0.094,0.13,0.036
LogBlueprintUserMessages: [BP_LatencyLogger_C_1] LATENCY_LOG,Move,0.13,0.156,0.026
LogBlueprintUserMessages: [BP_LatencyLogger_C_1] LATENCY_LOG,Move,0.156,0.178,0.022
LogBlueprintUserMessages: [BP_LatencyLogger_C_1] LATENCY_LOG,Move,0.178,0.202,0.023
LogBlueprintUserMessages: [BP_LatencyLogger_C_1] LATENCY_LOG,Move,0.202,0.225,0.024
LogBlueprintUserMessages: [BP_LatencyLogger_C_1] LATENCY_LOG,Move,0.225,0.25,0.024
LogBlueprintUserMessages: [BP_LatencyLogger_C_1] LATENCY_LOG,Move,0.25,0.275,0.025
LogBlueprintUserMessages: [BP_LatencyLogger_C_1] LATENCY_LOG,Move,0.275,0.298,0.024
LogBlueprintUserMessages: [BP_LatencyLogger_C_1] LATENCY_LOG,Move,0.298,0.323,0.024
LogBlueprintUserMessages: [BP_LatencyLogger_C_1] LATENCY_LOG,Move,0.323,0.348,0.025
LogBlueprintUserMessages: [BP_LatencyLogger_C_1] LATENCY_LOG,Move,0.348,0.372,0.023
LogBlueprintUserMessages: [BP_LatencyLogger_C_1] LATENCY_LOG,Move,0.372,0.396,0.025
LogBlueprintUserMessages: [BP_LatencyLogger_C_1] LATENCY_LOG,Move,0.396,0.419,0.022
LogBlueprintUserMessages: [BP_LatencyLogger_C_1] LATENCY_LOG,Move,0.419,0.446,0.027
LogBlueprintUserMessages: [BP_LatencyLogger_C_1] LATENCY_LOG,Move,0.446,0.473,0.027
LogBlueprintUserMessages: [BP_LatencyLogger_C_1] LATENCY_LOG,Move,0.473,0.499,0.026
LogBlueprintUserMessages: [BP_LatencyLogger_C_1] LATENCY_LOG,Move,0.499,0.521,0.022
LogBlueprintUserMessages: [BP_LatencyLogger_C_1] LATENCY_LOG,Move,0.521,0.543,0.022
LogBlueprintUserMessages: [BP_LatencyLogger_C_1] LATENCY_LOG,Move,0.543,0.566,0.023
LogBlueprintUserMessages: [BP_LatencyLogger_C_1] LATENCY_LOG,Move,0.566,0.589,0.023
LogBlueprintUserMessages: [BP_LatencyLogger_C_1] LATENCY_LOG,Move,0.589,0.611,0.022
LogBlueprintUserMessages: [BP_LatencyLogger_C_1] LATENCY_LOG,Move,0.611,0.643,0.032
LogBlueprintUserMessages: [BP_LatencyLogger_C_1] LATENCY_LOG,Move,0.643,0.668,0.025
LogBlueprintUserMessages: [BP_LatencyLogger_C_1] LATENCY_LOG,Move,0.668,0.694,0.025
LogBlueprintUserMessages: [BP_LatencyLogger_C_1] LATENCY_LOG,Move,0.694,0.714,0.021
LogBlueprintUserMessages: [BP_LatencyLogger_C_1] LATENCY_LOG,Move,0.714,0.737,0.023
LogBlueprintUserMessages: [BP_LatencyLogger_C_1] LATENCY_LOG,Move,0.737,0.76,0.023
LogBlueprintUserMessages: [BP_LatencyLogger_C_1] LATENCY_LOG,Move,0.76,0.782,0.022
LogBlueprintUserMessages: [BP_LatencyLogger_C_1] LATENCY_LOG,Move,0.782,0.809,0.027
LogBlueprintUserMessages: [BP_LatencyLogger_C_1] LATENCY_LOG,Move,0.809,0.836,0.027
LogBlueprintUserMessages: [BP_LatencyLogger_C_1] LATENCY_LOG,Move,0.836,0.858,0.022
LogBlueprintUserMessages: [BP_LatencyLogger_C_1] LATENCY_LOG,Move,0.858,0.885,0.027
LogBlueprintUserMessages: [BP_LatencyLogger_C_1] LATENCY_LOG,Move,0.885,0.913,0.028
LogBlueprintUserMessages: [BP_LatencyLogger_C_1] LATENCY_LOG,Move,0.913,0.938,0.025
LogBlueprintUserMessages: [BP_LatencyLogger_C_1] LATENCY_LOG,Move,0.938,0.961,0.023
LogBlueprintUserMessages: [BP_LatencyLogger_C_1] LATENCY_LOG,Move,0.961,0.985,0.024
LogBlueprintUserMessages: [BP_LatencyLogger_C_1] LATENCY_LOG,Move,0.985,1.008,0.022
LogBlueprintUserMessages: [BP_LatencyLogger_C_1] LATENCY_LOG,Move,1.008,1.029,0.021
LogBlueprintUserMessages: [BP_LatencyLogger_C_1] LATENCY_LOG,Move,1.029,1.052,0.023
LogBlueprintUserMessages: [BP_LatencyLogger_C_1] LATENCY_LOG,Move,1.052,1.072,0.02
LogBlueprintUserMessages: [BP_LatencyLogger_C_1] LATENCY_LOG,Move,1.072,1.097,0.024
LogBlueprintUserMessages: [BP_LatencyLogger_C_1] LATENCY_LOG,Move,1.097,1.119,0.022
LogBlueprintUserMessages: [BP_LatencyLogger_C_1] LATENCY_LOG,Move,1.119,1.146,0.027
LogBlueprintUserMessages: [BP_LatencyLogger_C_1] LATENCY_LOG,Move,1.146,1.172,0.026
LogBlueprintUserMessages: [BP_LatencyLogger_C_1] LATENCY_LOG,Move,1.172,1.2,0.028
LogBlueprintUserMessages: [BP_LatencyLogger_C_1] LATENCY_LOG,Move,1.2,1.223,0.023
LogBlueprintUserMessages: [BP_LatencyLogger_C_1] LATENCY_LOG,Move,1.223,1.243,0.02
LogBlueprintUserMessages: [BP_LatencyLogger_C_1] LATENCY_LOG,Move,1.243,1.267,0.024
LogBlueprintUserMessages: [BP_LatencyLogger_C_1] LATENCY_LOG,Move,1.267,1.289,0.022
LogBlueprintUserMessages: [BP_LatencyLogger_C_1] LATENCY_LOG,Move,1.289,1.312,0.023
LogBlueprintUserMessages: [BP_LatencyLogger_C_1] LATENCY_LOG,Move,1.312,1.334,0.023
LogBlueprintUserMessages: [BP_LatencyLogger_C_1] LATENCY_LOG,Move,1.334,1.36,0.025
LogBlueprintUserMessages: [BP_LatencyLogger_C_1] LATENCY_LOG,Move,1.36,1.383,0.023
LogBlueprintUserMessages: [BP_LatencyLogger_C_1] LATENCY_LOG,Move,1.383,1.409,0.026
LogBlueprintUserMessages: [BP_LatencyLogger_C_1] LATENCY_LOG,Move,1.409,1.431,0.022
LogBlueprintUserMessages: [BP_LatencyLogger_C_1] LATENCY_LOG,Move,1.431,1.456,0.025
LogBlueprintUserMessages: [BP_LatencyLogger_C_1] LATENCY_LOG,Move,1.456,1.48,0.024
LogBlueprintUserMessages: [BP_LatencyLogger_C_1] LATENCY_LOG,Move,1.48,1.507,0.027
LogBlueprintUserMessages: [BP_LatencyLogger_C_1] LATENCY_LOG,Move,1.507,1.533,0.027
LogBlueprintUserMessages: [BP_LatencyLogger_C_1] LATENCY_LOG,Move,1.533,1.559,0.026
LogBlueprintUserMessages: [BP_LatencyLogger_C_1] LATENCY_LOG,Move,1.559,1.581,0.022
LogBlueprintUserMessages: [BP_LatencyLogger_C_1] LATENCY_LOG,Move,1.581,1.606,0.025
LogBlueprintUserMessages: [BP_LatencyLogger_C_1] LATENCY_LOG,Move,1.606,1.631,0.025
LogBlueprintUserMessages: [BP_LatencyLogger_C_1] LATENCY_LOG,Move,1.631,1.667,0.036
LogBlueprintUserMessages: [BP_LatencyLogger_C_1] LATENCY_LOG,Move,1.667,1.693,0.026
LogBlueprintUserMessages: [BP_LatencyLogger_C_1] LATENCY_LOG,Move,1.693,1.715,0.021
LogBlueprintUserMessages: [BP_LatencyLogger_C_1] LATENCY_LOG,Move,1.715,1.739,0.024
LogBlueprintUserMessages: [BP_LatencyLogger_C_1] LATENCY_LOG,Move,1.739,1.763,0.024
LogBlueprintUserMessages: [BP_LatencyLogger_C_1] LATENCY_LOG,Move,1.763,1.789,0.026
LogBlueprintUserMessages: [BP_LatencyLogger_C_1] LATENCY_LOG,Move,1.789,1.813,0.024
LogBlueprintUserMessages: [BP_LatencyLogger_C_1] LATENCY_LOG,Move,1.813,1.837,0.024
LogBlueprintUserMessages: [BP_LatencyLogger_C_1] LATENCY_LOG,Move,1.837,1.864,0.027
LogBlueprintUserMessages: [BP_LatencyLogger_C_1] LATENCY_LOG,Move,1.864,1.891,0.026